Unnamed: 0.1,Unnamed: 0,smiles,FDA_APPROVED,labels,labels-CT_TOX,fp
565,565,C[N+]12CCC(CC1)C(C2)OC(=O)C(c3ccccc3)(c4ccccc4)O,1,0.000773499981733,0,[0 0 0 ... 0 0 0]
748,748,CC(C)CC1C[NH+]2CCc3cc(c(cc3C2CC1=O)OC)OC,1,0.0001842966670665,0,[0 1 0 ... 0 0 0]
438,438,C[C@@H]1CN(C[C@@H]([NH2+]1)C)c2c(c(c3c(c2F)n(cc(c3=O)C(=O)[O-])C4CC4)N)F,1,0.0002552092028054,0,[0 0 0 ... 0 0 0]
1048,1048,CC[C@@H]([C@H](C)O)n1c(=O)n(cn1)c2ccc(cc2)N3CCN(CC3)c4ccc(cc4)OC[C@H]5C[C@](OC5)(Cn6cncn6)c7ccc(cc7F)F,1,0.6755781561136246,0,[1 1 0 ... 0 0 0]
1250,1250,CCCCCCCCCCCCCCCCO,1,0.0005470076721394,0,[0 0 0 ... 0 0 0]
515,515,C[C@H](Cn1cnc2c1ncnc2N)OCP(=O)([O-])[O-],1,0.0021197780326474,0,[0 1 0 ... 0 0 0]
216,216,c1cc(oc1/C=N/N2CCOC2=O)[N+](=O)[O-],1,0.0006904338486492,0,[0 0 0 ... 0 0 0]
710,710,CC(C)[NH+]1CCN(CC1)c2ccc(cc2)OC[C@H]3CO[C@](O3)(Cn4cncn4)c5ccc(cc5Cl)Cl,1,0.1821201442740857,0,[1 1 0 ... 0 0 0]
895,895,CC1=C(C(C(=C(N1)C)C(=O)OC(C)C)c2cccc3c2non3)C(=O)OC,1,0.0281142951571382,0,[0 1 0 ... 0 0 0]
1248,1248,CCCCCCCCCCCCCCCC[N+](C)(C)CCN(Cc1ccc(cc1)OC)c2ncccn2,1,0.0023747478844597,0,[0 0 0 ... 0 0 0]
567,567,C[n+]1ccccc1/C=N/O,1,0.0425203721504658,0,[0 0 0 ... 0 0 0]
1085,1085,CC[NH+](CC)Cc1cc(ccc1O)Nc2ccnc3c2ccc(c3)Cl,1,0.0004117080330615,0,[0 0 0 ... 0 0 0]
1298,1298,CCn1cc(c(=O)c2c1c(c(c(c2)F)N3CC[NH2+]C(C3)C)F)C(=O)[O-],1,0.0003344347976963,0,[0 0 0 ... 0 0 0]
1092,1092,CC[NH+](CC)CCOC(=O)c1ccc(cc1)N,1,3.359026327416359e-05,0,[0 0 0 ... 0 0 0]
424,424,C[C@@H]1C[C@H]2[C@@H]3CCC4=CC(=O)C=C[C@@]4([C@]3([C@H](C[C@@]2([C@]1(C(=O)CCl)OC(=O)c5ccco5)C)O)Cl)C,1,0.0011142161383759,0,[0 0 0 ... 0 0 0]
356,356,C1CN1P(=S)(N2CC2)N3CC3,1,0.0069008164107799,0,[0 0 0 ... 0 0 0]
142,142,c1cc(c(c(c1)Cl)Cl)N2CC[NH+](CC2)CCCCOc3ccc4c(c3)NC(=O)CC4,1,0.0974086083471775,0,[0 0 0 ... 0 0 0]
907,907,CC1=C(C(CCC1)(C)C)/C=C/C(=C/C=C/C(=C\C(=O)[O-])/C)/C,1,9.230927716998849e-05,0,[0 0 0 ... 0 0 0]
611,611,C[NH+]1CC[C@]23c4c5ccc(c4O[C@H]2[C@H](C=C[C@H]3[C@H]1C5)O)O,1,1.3169948397262488e-05,0,[0 0 0 ... 0 0 0]
232,232,c1cc2c(nc1)C(=C3CC[NH2+]CC3)c4ccc(cc4CC2)Cl,1,0.0003029061961569,0,[0 0 0 ... 0 0 0]
324,324,c1ccc2c(c1)C3=[NH+]CCN3C2(c4ccc(cc4)Cl)O,1,0.0001284021775063,0,[0 0 0 ... 0 0 0]
1118,1118,CCC(=O)[C@]1([C@@H](CC2[C@@]1(C[C@@H](C3C2CCC4=CC(=O)C=C[C@]34C)O)C)C)C,1,0.0031519238022156,0,[0 0 0 ... 0 1 0]
1289,1289,CCN(CC)c1ccc(cc1)C(=C2C=CC(=[N+](CC)CC)C=C2)c3cc(ccc3S(=O)(=O)[O-])S(=O)(=O)[O-],1,0.004814133621403,0,[0 0 0 ... 0 0 1]
620,620,C[NH+]1CCC(=C2c3ccccc3C=Cc4c2cccc4)CC1,1,0.0003099037588981,0,[0 0 0 ... 0 0 0]
697,697,CC(C)(CO)[C@H](C(=O)NCCC(=O)[O-])O,1,2.916855319199385e-05,0,[0 1 0 ... 0 0 0]
254,254,c1ccc(cc1)C(c2ccccc2)([C@@H]3CC[NH+](C3)CCc4ccc5c(c4)CCO5)C(=O)N,1,6.647775880992412e-05,0,[0 0 0 ... 0 0 0]
1249,1249,CCCCCCCCCCCCCCCCCCCCCCO,1,0.0005395869229687,0,[0 0 0 ... 0 0 0]
1317,1317,CCOC(=O)[C@H](CCc1ccccc1)[NH2+][C@@H](C)C(=O)N2Cc3cc(c(cc3C[C@H]2C(=O)[O-])OC)OC,1,0.0002491669736627,0,[0 1 0 ... 0 0 0]
538,538,C[C@H]1C[C@H]2[C@@H]3CCC4=CC(=O)C=C[C@@]4([C@]3([C@H](C[C@@]2([C@]1(C(=O)CO)OC(=O)c5ccccc5)C)O)F)C,1,0.0695293346769176,0,[0 0 0 ... 0 0 0]
183,183,c1cc(ccc1C(=O)N[C@@H](CCC(=O)[O-])C(=O)[O-])NCc2cnc3c(n2)c(=O)nc([nH]3)N,1,0.1145882180891931,0,[0 1 0 ... 0 0 0]
55,55,C(CC(C(F)F)(C(=O)[O-])[NH3+])C[NH3+],1,1.5573418826397844e-05,0,[0 1 0 ... 0 0 0]
410,410,C[C@@H]1[C@H]([C@@H]([C@@H](C(O1)OC\2CC(C(C(CC(=O)CC(C(CCC(CC(CC(CC(=O)OC(C(C(C(/C=C/C=C/CC/C=C/C=C/C=C/C=C2)C)O)C)C)O)O)O)O)O)O)C(=O)[O-])O)O)[NH3+])O,1,0.0004987376050848,0,[0 0 0 ... 0 0 0]
502,502,C[C@H](C(=O)N)NC(=O)[C@@H]1CCCN1C(=O)[C@H](CCCNC(=[NH2+])N)NC(=O)[C@H](CC(C)C)NC(=O)[C@@H](CCCNC(=O)N)NC(=O)[C@H](Cc2ccc(cc2)O)NC(=O)[C@H](CO)NC(=O)[C@@H](Cc3cccnc3)NC(=O)[C@@H](Cc4ccc(cc4)Cl)NC(=O)[C@@H](Cc5ccc6ccccc6c5)NC(=O)C,1,7.911317698017228e-05,0,[0 1 0 ... 0 0 0]
1036,1036,Cc1ncc(n1CCO)[N+](=O)[O-],1,0.0009105736069614,0,[0 0 0 ... 0 0 0]
948,948,Cc1c(noc1N(C(=O)C)S(=O)(=O)c2ccc(cc2)N)C,1,0.0014226916537154,0,[0 0 0 ... 0 0 0]
255,255,c1ccc(cc1)C(c2ccccc2)(C(=O)OC3CC4CCC(C3)[N+]45CCCC5)O,1,5.220313569225255e-05,0,[0 0 0 ... 0 0 0]
880,880,CC1(C(=O)N(C(=O)N1)c2ccc(c(c2)C(F)(F)F)[N+](=O)[O-])C,1,0.0045798699487932,0,[0 0 0 ... 0 0 0]
988,988,C=C1CC[C@]2([C@H]3Cc4ccc(c5c4[C@]2([C@H]1O5)CC[NH+]3CC6CC6)O)O,1,0.0001054497829045,0,[0 0 0 ... 0 0 0]
542,542,C[C@H]1CCC=C([C@]12CC[C@H](C2)C(=C)C)C,1,0.0351990953087806,0,[0 0 0 ... 0 1 0]
1241,1241,CCCCCCCCCCC[C@@H](C[C@H]1[C@@H](C(=O)O1)CCCCCC)OC(=O)[C@H](CC(C)C)NC=O,1,0.0149601047858595,0,[0 1 0 ... 0 0 1]
1203,1203,CCCC[NH+](CCCC)CCC(c1cc2c(cc(cc2Cl)Cl)c3c1ccc(c3)C(F)(F)F)O,1,0.0002069376903818,0,[0 1 0 ... 1 0 0]
962,962,Cc1c[nH]nc1,1,0.0016637373482808,0,[0 0 0 ... 0 0 0]
893,893,Cc1c(c(c(c(c1C(=O)[O-])I)NC(=O)C)I)C(=O)NC,1,7.784366753185167e-05,0,[0 0 0 ... 0 0 0]
946,946,Cc1c(nc[nH]1)CSCCN/C(=N/C#N)/NC,1,0.0091630700975656,0,[0 0 0 ... 0 0 0]
998,998,CC1=CC=C(C=C1)C2=CC(=NN2C3=CC=C(C=C3)S(=O)(=O)N)C(F)(F)F,1,0.0245291306113358,1,[0 0 0 ... 0 0 0]
90,90,C1[C@H]([C@@H]([C@H]([C@@H]([C@H]1[NH3+])O[C@@H]2[C@@H]([C@H]([C@@H]([C@H](O2)C[NH3+])O)O)O)O)O[C@@H]3[C@@H]([C@H]([C@@H]([C@H](O3)CO)O)[NH3+])O)[NH3+],1,8.832665489535429e-05,0,[0 0 0 ... 0 0 0]
19,19,C#N,1,0.0067545789759606,0,[0 0 0 ... 0 0 0]
939,939,Cc1c(ccnc1C[S@@](=O)c2[nH]c3ccccc3n2)OCC(F)(F)F,1,0.0001708713731204,0,[0 0 0 ... 0 0 0]
556,556,C[N+]1(CCC(C1)OC(=O)C(c2ccccc2)(C3CCCC3)O)C,1,0.0001669062592554,0,[0 0 0 ... 0 0 0]
83,83,C1[C@@H]([C@H]([C@@H]([C@H]([NH+]1CCO)CO)O)O)O,1,2.550190082502013e-05,0,[0 0 0 ... 0 0 0]
773,773,CC(c1cccc(c1)C(=O)c2ccccc2)C(=O)[O-],1,0.0009837392426561,0,[0 1 0 ... 0 0 0]
689,689,CC(C)(C)NC(=O)[C@@H]1C[C@@H]2CCCC[C@@H]2C[NH+]1C[C@H]([C@H](Cc3ccccc3)NC(=O)[C@H](CC(=O)N)NC(=O)c4ccc5ccccc5n4)O,1,0.0046501272707246,0,[0 1 0 ... 0 0 0]
1135,1135,CCC(=O)OCC(=O)[C@]1([C@@H](C[C@@H]2[C@@]1(C[C@@H]([C@H]3[C@H]2[C@@H](CC4=CC(=O)C=C[C@]34C)Cl)O)C)C)OC(=O)CC,1,0.007419721095357,0,[0 0 0 ... 0 0 0]
576,576,C[NH+](C)CC[C@@H](c1ccc(cc1)Br)c2ccccn2,1,0.0005610501335468,0,[0 1 0 ... 0 0 0]
344,344,c1ccnc(c1)[N-]S(=O)(=O)c2ccc(cc2)N,1,0.0011832584219519,0,[0 0 0 ... 0 0 0]
550,550,C[N+](C)(C)CCOC(=O)N,1,2.328832305238393e-05,0,[0 0 0 ... 0 0 0]
1430,1430,COC(=O)CCC(=O)C[NH3+],1,7.027235651548835e-05,0,[0 0 0 ... 0 0 0]
349,349,c1cn(c(=O)nc1N)[C@H]2CC[C@H](O2)CO,1,0.0775573603808879,0,[0 0 0 ... 0 0 0]
1019,1019,Cc1ccccc1N2CC[NH+](CC2)CCc3nnc4n3CCCC4,1,0.0002827916927344,0,[0 0 0 ... 0 0 0]
445,445,C[C@]1(c2cccc(c2C(=O)C3=C([C@]4([C@@H]([C@H]([C@@H]31)O)[C@@H](C(=C(C4=O)C(=O)N)[O-])[NH+](C)C)O)[O-])[O-])O,1,0.0009278035773604,0,[0 0 0 ... 0 0 0]
518,518,C[C@H]1[C@@]([C@H]([C@@H](O1)O[C@@H]2[C@H]([C@@H]([C@H]([C@@H]([C@H]2O)O)NC(=[NH2+])N)O)NC(=[NH2+])N)O[C@H]3[C@H]([C@@H]([C@H]([C@@H](O3)CO)O)O)[NH2+]C)(C=O)O,1,5.156245806574589e-05,0,[0 0 0 ... 0 0 0]
483,483,C[C@]12CCC(=O)C=C1CC[C@@H]3[C@@]2([C@H](C[C@]4([C@H]3CC[C@]4(C)O)C)O)F,1,0.0005949162881734,0,[0 0 0 ... 0 0 0]
300,300,c1ccc(cc1)CSCC2=NS(=O)(=O)c3cc(c(cc3N2)Cl)S(=O)(=O)N,1,8.884147227945504e-05,0,[0 0 0 ... 0 0 0]
849,849,CC(=O)OCC(=O)[C@@]12[C@@H](C[C@@H]3[C@@]1(C[C@@H]([C@]4([C@H]3CCC5=CC(=O)C=C[C@@]54C)F)O)C)OC6(O2)CCCC6,1,0.0002225569987786,0,[0 0 0 ... 0 0 0]
1133,1133,CCC(=O)O[C@H]1CC[C@@H]2[C@@]1(CC[C@H]3[C@H]2CCC4=CC(=O)CC[C@]34C)C,1,8.087183014140464e-05,0,[0 0 0 ... 0 0 0]
610,610,C[NH+]1CC[C@@]23CCCC[C@@H]2[C@@H]1Cc4c3cc(cc4)OC,1,0.0009689159684057,0,[0 0 0 ... 0 0 0]
296,296,c1ccc(cc1)CN2C3C[S+]4CCCC4C3N(C2=O)Cc5ccccc5,1,0.0575502216815948,0,[1 0 0 ... 0 1 0]
1099,1099,CC\1=C(c2cc(ccc2/C1=C\c3ccc(cc3)S(=O)C)F)CC(=O)[O-],1,0.0019482752890326,0,[0 0 0 ... 0 0 0]
1199,1199,CCCc1nc(c2n1[nH]c(nc2=O)c3cc(ccc3OCC)S(=O)(=O)N4CC[NH+](CC4)CC)C,1,0.002918036704068,0,[0 0 0 ... 0 0 0]
1068,1068,CC[C@H](C)C(=O)O[C@H]1C[C@@H](C=C2[C@H]1[C@H]([C@H](C=C2)C)CC[C@H](C[C@H](CC(=O)[O-])O)O)O,1,0.2979844026267528,0,[0 1 0 ... 0 0 0]
519,519,C[C@H]1[C@@H]([C@H](C[C@@H](O1)O[C@H]2C[C@@](Cc3c2c(c4c(c3[O-])C(=O)c5cccc(c5C4=O)OC)[O-])(C(=O)CO)O)[NH3+])O,1,0.0035428641363978,0,[0 0 0 ... 0 0 0]
32,32,C(=[NH2+])(N)N,1,4.343282798799919e-05,0,[0 0 0 ... 0 0 0]
160,160,c1cc(c(cc1Cl)Cl)COC(Cn2ccnc2)c3ccc(cc3Cl)Cl,1,0.0004169407417066,0,[0 1 0 ... 0 0 0]
1078,1078,CC[N+](CC)(CC)CCOc1cccc(c1OCC[N+](CC)(CC)CC)OCC[N+](CC)(CC)CC,1,6.512047220894602e-05,0,[0 0 0 ... 0 0 0]
864,864,CC1([C@@H](N2[C@H](S1(=O)=O)CC2=O)C(=O)[O-])C,1,0.000160129078722,0,[0 0 0 ... 0 0 0]
123,123,C1C(N(C2=C(N1)NC(=NC2=O)N)C=O)CNC3=CC=C(C=C3)C(=O)N[C@@H](CCC(=O)O)C(=O)O,0,0.9472483396530152,1,[0 1 0 ... 0 0 0]
1194,1194,CCCC(=O)OCOC(=O)C1=C(NC(=C(C1c2cccc(c2Cl)Cl)C(=O)OC)C)C,1,0.0070963694714009,0,[0 0 0 ... 0 0 0]
1076,1076,CC[N+](C)(CC)CCOC(=O)C1c2ccccc2Oc3c1cccc3,1,0.0001949580466316,0,[0 0 0 ... 0 0 0]
603,603,C[NH+](CCCl)CCCl,1,1.148197234428494e-05,0,[0 0 0 ... 0 0 0]
4,4,[H]/[NH+]=C(\N)/c1ccc(cc1)OCCCCCOc2ccc(cc2)/C(=[NH+]/[H])/N,1,0.0050719948019832,0,[0 0 0 ... 0 0 0]
1061,1061,CC[C@@H]1C(=O)N2CCC[C@H]2C(=O)N([C@H](C(=O)N3CC(C(=O)CC3C(=O)N[C@H](C(=O)O[C@@H]([C@@H](C(=O)N1)NC(=O)c4c(cccn4)O)C)c5ccccc5)CS[C@@H]6C[NH+]7CCC6CC7)Cc8ccc(cc8)N(C)C)C,1,0.0015338542547397,0,[0 0 0 ... 0 0 0]
1427,1427,COC(=O)[C@H](c1ccccc1Cl)[NH+]2CCc3c(ccs3)C2,1,0.0009919416823322,0,[0 1 0 ... 0 0 0]
664,664,CC(C)(C#N)c1cc(cc(c1)C(C)(C)C#N)Cn2cncn2,1,0.9971471071243286,0,[1 0 0 ... 0 0 0]
35,35,C(C(C(=O)[O-])O)(C(=O)[O-])O,1,0.0003227800669264,0,[0 1 0 ... 0 0 0]
1267,1267,CCCCOc1cc(ccc1N)C(=O)OCC[NH+](CC)CC,1,0.0001330542465439,0,[0 0 0 ... 0 0 0]
681,681,CC(C)(C)C#C/C=C/C[NH+](C)Cc1cccc2c1cccc2,1,0.0006727806030539,0,[0 0 0 ... 0 0 0]
53,53,C(C[NH3+])C(O)(P(=O)([O-])[O-])P(=O)([O-])[O-],1,5.344387863814859e-07,0,[0 0 0 ... 0 0 0]
900,900,Cc1c(c(c(c2c1O[C@](CC2)(C)CCC[C@H](C)CCC[C@H](C)CCCC(C)C)C)OC(=O)C)C,1,2.664268040462048e-05,0,[0 1 0 ... 0 0 0]
841,841,CC(=O)O[C@H]1CC[C@@H]2[C@H]3CC[C@]4([C@H]([C@@H]3CCC2=C1)CC[C@]4(C#C)OC(=O)C)C,1,4.696635842265096e-05,0,[0 0 0 ... 0 0 0]
422,422,C[C@@H]1C[C@H]2[C@@H]3C[C@@H](C4=CC(=O)C=C[C@@]4([C@]3([C@H](C[C@@]2([C@H]1C(=O)COC(=O)C(C)(C)C)C)O)Cl)C)F,1,0.0029115738114342,0,[0 0 0 ... 0 0 0]
153,153,c1cc(c(cc1C(=O)Nc2c(cncc2Cl)Cl)OCC3CC3)OC(F)F,1,0.0127266604918986,0,[0 1 0 ... 0 0 0]
489,489,C[C@]12CCC3=C4CCC(=O)C=C4CC[C@H]3[C@@H]1CC[C@]2(CC#N)O,1,0.0018216396914795,0,[0 0 0 ... 0 0 0]
1324,1324,CCOC(=O)C1(CC[NH+](CC1)CCc2ccc(cc2)N)c3ccccc3,1,0.0001011609892884,0,[0 0 0 ... 0 0 0]
872,872,CC1([C@@H](N2[C@H](S1)[C@@H](C2=O)NC(=O)C3(CCCCC3)[NH3+])C(=O)[O-])C,1,0.0002288414307258,0,[0 0 1 ... 0 0 0]
560,560,C[N+]1(CCc2cc(c3cc2[C@@H]1Cc4ccc(cc4)Oc5c6c(cc(c5OC)OC)CC[N+]([C@@H]6Cc7ccc(c(c7)O3)OC)(C)C)OC)C,1,0.0126021705131279,0,[0 0 1 ... 0 0 0]
1356,1356,CN(C)/C=[NH+]/c1c(cc(c(c1I)CCC(=O)[O-])I)I,1,1.6030130541366817e-05,0,[0 0 0 ... 0 0 0]
744,744,CC(C)CC(C(=O)NC(CCC[NH+]=C(N)N)C(=O)N1CCCC1C(=O)NNC(=O)N)NC(=O)C(COC(C)(C)C)NC(=O)C(Cc2ccc(cc2)O)NC(=O)C(CO)NC(=O)C(Cc3c[nH]c4c3cccc4)NC(=O)C(Cc5cnc[nH]5)NC(=O)C6CCC(=O)N6,1,0.3164168636758404,0,[0 1 0 ... 0 0 0]
868,868,CC1([C@@H](N2[C@H](S1)[C@@H](C2=O)NC(=O)[C@@H](c3ccccc3)[NH3+])C(=O)[O-])C,1,2.1961633319733664e-05,0,[0 1 0 ... 0 0 0]
481,481,C[C@]12CCC(=O)C=C1C[C@H]([C@@H]3[C@]24[C@H](O4)C[C@]5([C@H]3CC[C@@]56CCC(=O)O6)C)C(=O)OC,1,0.0005689845143933,0,[0 0 0 ... 0 0 0]
1093,1093,CC[NH+](CC)CCOC(=O)c1ccc(cc1Cl)N,1,0.0001682629503193,0,[0 0 0 ... 0 0 0]
1191,1191,CCCC(=O)O[C@@]1(CC[C@@H]2[C@@]1(C[C@@H]([C@]3([C@H]2C[C@@H](C4=CC(=O)C=C[C@@]43C)F)F)O)C)C(=O)COC(=O)C,1,0.0002493685256922,0,[0 0 0 ... 0 0 0]
321,321,c1ccc2c(c1)C(=O)NC2(c3ccc(c(c3)S(=O)(=O)N)Cl)O,1,0.0098706963472068,0,[0 0 0 ... 0 0 0]
484,484,C[C@]12CCC(=O)C=C1CC[C@@H]3[C@@H]2[C@H](C[C@]4([C@H]3CC[C@@]4(C(=O)CO)O)C)O,1,0.0004667888133553,1,[0 0 0 ... 0 0 0]
212,212,C1CC(=O)NC(=O)C1N2CC3=C(C2=O)C=CC=C3N,0,0.589339517802,1,[0 0 1 ... 0 0 0]
1480,1480,O=[Ti]=O,1,0.0222628535120748,0,[0 0 0 ... 0 0 0]
915,915,CC1=C(C(=O)C2=C(C1=O)[NH+]3C[C@H]4[C@@H]([C@@]3([C@@H]2COC(=O)N)OC)N4)[NH3+],1,0.057383684888191,0,[0 0 0 ... 0 1 0]
1003,1003,Cc1ccc(cc1Nc2nccc(n2)c3cccnc3)C(=O)Nc4cc(cc(c4)n5cc(nc5)C)C(F)(F)F,1,0.9737781286239624,0,[0 0 0 ... 0 0 0]
684,684,CC(C)(C)c1cc(cc(c1O)C(C)(C)C)SC(C)(C)Sc2cc(c(c(c2)C(C)(C)C)O)C(C)(C)C,1,0.0001165658133686,0,[0 0 0 ... 0 0 0]
1346,1346,CCOP(=O)(OCC)SCC[N+](C)(C)C,1,0.0006691956841677,0,[0 0 0 ... 0 0 0]
532,532,C[C@H]1C[C@H]2[C@@H]3CC[C@@]([C@]3(C[C@@H]([C@@]2([C@@]4(C1=CC(=O)C=C4)C)F)O)C)(C(=O)C)O,1,0.0004052594333188,0,[0 0 0 ... 0 0 0]
1331,1331,CCOC(=O)CCCCCCCCC(C)c1ccccc1I,1,0.0037979722721502,0,[0 1 0 ... 0 0 0]
1141,1141,CCC1(C(=O)N(C(=O)O1)C)C,1,0.0023162455530837,0,[0 0 0 ... 0 0 0]
54,54,C(C[NH3+])C[NH2+]CCSP(=O)([O-])[O-],1,6.079445962065e-08,0,[0 0 0 ... 0 0 0]
1185,1185,CCCC(C)C1(C(=O)NC(=O)NC1=O)CC=C,1,0.0003640179085778,0,[0 1 0 ... 0 0 0]
879,879,CC1(C(C1C(=O)OCc2cccc(c2)Oc3ccccc3)C=C(Cl)Cl)C,1,0.5913347259163857,0,[0 0 0 ... 0 0 0]
15,15,B([C@H](CC(C)C)NC(=O)CNC(=O)C1=C(C=CC(=C1)Cl)Cl)(O)O,0,0.0180162217307952,1,[0 1 0 ... 0 0 0]
1314,1314,CCOC(=O)[C@H](CCc1ccccc1)[NH2+][C@@H](C)C(=O)N2[C@H]3CCC[C@H]3C[C@H]2C(=O)[O-],1,3.6023080747327184e-05,0,[0 1 0 ... 0 0 0]
541,541,C[C@H]1C[NH+](CC[C@@]1(C)c2cccc(c2)O)C[C@H](Cc3ccccc3)C(=O)NCC(=O)[O-],1,0.0002197346133471,0,[0 1 0 ... 0 0 0]
192,192,c1cc(ccc1C[NH3+])S(=O)(=O)N,1,0.0002120181256941,0,[0 0 0 ... 0 0 0]
496,496,C[C@H]([C@@H](C(=O)NCC(=O)N[C@@H](Cc1c[nH]c2c1cccc2)C(=O)N[C@@H](CCSC)C(=O)N[C@@H](CC(=O)[O-])C(=O)N[C@@H](Cc3ccccc3)C(=O)N)NC(=O)[C@H](Cc4ccc(cc4)OS(=O)(=O)[O-])NC(=O)[C@H](CC(=O)[O-])NC(=O)[C@H](CCC(=O)N)NC(=O)[C@@H]5CCC(=O)N5)O,1,0.0116349271993385,0,[1 1 0 ... 0 0 0]
778,778,CC(C[NH2+]C1CCCCC1)OC(=O)c2ccccc2,1,4.593493508764368e-05,0,[0 1 1 ... 0 0 0]
433,433,C[C@@H]1CC[C@H]2C[C@@H](/C(=C/C=C/C=C/[C@H](C[C@H](C(=O)[C@@H]([C@@H](/C(=C/[C@H](C(=O)C[C@H](OC(=O)[C@@H]3CCCCN3C(=O)C(=O)[C@@]1(O2)O)[C@H](C)C[C@@H]4CC[C@H]([C@@H](C4)OC)O)C)/C)O)OC)C)C)/C)OC,1,0.2797688792113149,0,[0 1 0 ... 0 0 0]
955,955,CC1=C2[C@H](C(=O)[C@@]3([C@H](C[C@@H]4[C@]([C@H]3[C@@H]([C@@](C2(C)C)(C[C@@H]1OC(=O)[C@@H]([C@H](c5ccccc5)NC(=O)OC(C)(C)C)O)O)OC(=O)c6ccccc6)(CO4)OC(=O)C)OC)C)OC,1,0.9025260210037231,0,[0 1 0 ... 0 0 0]
1386,1386,Cn1c(nnn1)SCC2=C(N3[C@@H]([C@@H](C3=O)NC(=O)[C@@H](c4ccccc4)O)SC2)C(=O)[O-],1,0.0005040235453634,0,[0 1 0 ... 0 0 0]
623,623,C[NH+]1CCC(CC1)COc2cc3c(cc2OC)c(ncn3)Nc4ccc(cc4F)Br,1,0.0465068705030716,0,[0 0 0 ... 0 0 0]
1114,1114,CCC(c1ccccc1)c2c(c3ccccc3oc2=O)[O-],1,0.0435821353457868,0,[0 1 0 ... 0 0 0]
5,5,[N+](=O)([O-])[O-],1,7.466233419108902e-05,0,[0 0 0 ... 0 0 0]
10,10,[O-]S(=O)(=O)[O-],1,1.9183805193279117e-05,0,[0 0 0 ... 0 0 0]
395,395,C[C@@H](C(=O)N[C@@H](C)C(=O)NC1[C@H]2[C@@H]1CN(C2)c3c(cc4c(=O)c(cn(c4n3)c5ccc(cc5F)F)C(=O)[O-])F)[NH3+],1,0.0001458587183151,0,[0 1 0 ... 0 0 0]
23,23,C([C@@H]1[C@@H]([C@@H]([C@H]([C@@H](O1)O[C@@H]2[C@H](O[C@@]([C@H]2O)(CO)O)CO)O)O)O)O,1,0.0041050324798561,0,[0 0 0 ... 0 0 0]
906,906,CC1=C(C(CCC1)(C)C)/C=C/C(=C/C=C/C(=C/CO)/C)/C,1,0.0003005245744134,0,[0 0 0 ... 0 0 0]
968,968,Cc1cc(c(cn1)C(=O)N[C@H](c2ccc(cc2)O)C(=O)N[C@H]3[C@@H]4N(C3=O)C(=C(CS4)CSc5nnnn5C)C(=O)[O-])O,1,0.000378323273253,0,[0 1 0 ... 0 0 0]
901,901,Cc1c(c(c(c2c1OC(CC2)(C)CCCC(C)CCCC(C)CCCC(C)C)C)OC(=O)C)C,1,2.379007719355286e-05,0,[0 1 0 ... 0 0 0]
378,378,c1nc2c(n1COCCO)[nH]c(nc2=O)N,1,0.5489980947226286,0,[0 0 0 ... 0 0 0]
335,335,c1ccc2c(c1)N(c3cc(ccc3S2)C(F)(F)F)CCCN4CC[NH+](CC4)CCO,1,0.0001452469943615,0,[0 0 0 ... 0 0 0]
1042,1042,Cc1nnc2n1-c3ccc(cc3C(=NC2)c4ccccc4Cl)Cl,1,0.0004371659684693,0,[0 0 0 ... 0 0 0]
225,225,c1cc2c(cc1C#N)c(c[nH]2)CCCC[NH+]3CCN(CC3)c4ccc5c(c4)cc(o5)C(=O)N,1,0.0001609061084309,0,[0 0 0 ... 0 0 0]
1096,1096,CC[NH2+][C@@H]1C[C@@H]([C@H]([C@@H]([C@H]1O[C@@H]2[C@@H]([C@H]([C@@](CO2)(C)O)[NH2+]C)O)O)O[C@@H]3[C@@H](CC=C(O3)C[NH3+])[NH3+])[NH3+],1,5.747342858342108e-05,0,[0 0 0 ... 0 0 0]
1017,1017,Cc1ccccc1C(=O)Nc2ccc(c(c2)C)C(=O)N3CCCC(c4c3ccc(c4)Cl)O,1,0.1189797841012477,0,[0 0 0 ... 0 0 0]
188,188,c1cc(ccc1c2ccc(o2)/C=N/N3CC(=O)NC3=O)[N+](=O)[O-],1,0.0005450743723486,0,[0 0 0 ... 0 0 0]
1439,1439,COc1cc(cc(c1OC)OC)[C@@H]2c3cc4c(cc3[C@@H]([C@@H]5[C@@H]2C(=O)OC5)O)OCO4,1,0.0029786705003061,0,[0 0 0 ... 0 0 0]
742,742,CC(C)C[C@@H](CC(=O)[O-])C[NH3+],1,2.689367704533652e-06,0,[0 1 0 ... 0 0 0]
1363,1363,CN(C)C[C@H]1CCCC[C@@]1(C2=CC(=CC=C2)OC)O,0,0.007755328733765,1,[0 0 0 ... 0 0 0]
403,403,C[C@@H](Cc1ccccc1)NC(=O)[C@H](CCCC[NH3+])[NH3+],1,0.0001299007757097,0,[0 1 0 ... 0 0 0]
261,261,c1ccc(cc1)C(CC[NH+]2CCCCC2)(C3CCCC3)O,1,5.719536711694673e-05,0,[0 0 1 ... 0 0 0]
1031,1031,Cc1cnc(c(c1OC)C)CS(=O)c2[nH]c3cc(ccc3n2)OC,1,0.0144341277540661,0,[0 0 0 ... 0 0 0]
1312,1312,CCOC(=O)/C=C(\C)/C=C/C=C(\C)/C=C/c1c(cc(c(c1C)C)OC)C,1,0.0027026199270039,0,[0 0 0 ... 0 0 0]
1144,1144,CCC1(C(=O)NCNC1=O)c2ccccc2,1,0.0090829902561381,0,[0 0 0 ... 0 0 0]
219,219,c1cc2c(c(c1)N)CN(C2=O)C3CCC(=O)NC3=O,1,0.5893395416438579,0,[0 0 1 ... 0 0 0]
783,783,CC(Cc1ccccc1)[NH2+]C,1,3.8778328325861365e-05,0,[0 1 0 ... 0 0 0]
143,143,c1cc(c(c(c1)Cl)NC2=[NH+]CCN2)Cl,1,0.0002658294939465,0,[0 0 0 ... 0 0 0]
1021,1021,Cc1ccccc1S(=O)(=O)[N-]C(=O)c2ccc(c(c2)OC)Cc3cn(c4c3cc(cc4)NC(=O)OC5CCCC5)C,1,0.0449419726617634,0,[0 0 0 ... 0 0 0]
193,193,c1cc(ccc1CCc2c[nH]c3c2c(=O)nc([nH]3)N)C(=O)N[C@@H](CCC(=O)[O-])C(=O)[O-],1,0.3725055107846856,0,[0 1 0 ... 0 0 0]
1473,1473,CS(=O)C,1,0.0003166112132021,0,[0 0 0 ... 0 0 0]
1028,1028,Cc1cn(c(=O)[nH]c1=O)[C@H]2C[C@@H]([C@H](O2)CO)N=[N+]=[N-],1,0.0010620240936987,0,[0 0 0 ... 0 0 0]
1184,1184,CCCC(C)C1(C(=O)NC(=O)NC1=O)CC,1,0.0003459276835201,0,[0 1 0 ... 0 0 0]
1080,1080,CC[NH+](CC)C(C)C(=O)c1ccccc1,1,0.0004086383083631,0,[0 1 0 ... 0 0 0]
2,2,[C@H]([C@@H]([C@@H](C(=O)[O-])O)O)([C@H](C(=O)[O-])O)O,1,0.0002336666570045,0,[0 1 0 ... 0 0 0]
1079,1079,CC[N+](CC)(CCNC(=O)C(=O)NCC[N+](CC)(CC)Cc1ccccc1Cl)Cc2ccccc2Cl,1,0.0005045684185461,0,[0 0 0 ... 0 0 0]
86,86,C1[C@@H](NC(=[NH+][C@H]1O)N)[C@H]2C(=O)NC[C@@H](C(=O)N[C@H](C(=O)N[C@H](C(=O)N/C(=C\\NC(=O)N)/C(=O)N2)CO)CO)NC(=O)C[C@H](CCC[NH3+])[NH3+],1,0.0003653947233033,0,[0 1 0 ... 0 0 0]
571,571,C[NH+](C)C[C@H]1CCCC[C@@]1(c2cccc(c2)OC)O,1,9.795443947950844e-05,0,[0 0 0 ... 0 0 0]
108,108,c1c(c(cc(c1F)F)F)C[C@H](CC(=O)N2CCn3c(nnc3C(F)(F)F)C2)[NH3+],1,0.0280831354670226,0,[0 1 0 ... 0 0 0]
176,176,c1cc(ccc1[C@H]([C@@H](CO)NC(=O)[C-](Cl)Cl)O)[N+](=O)[O-],1,0.0035071822814643,0,[0 1 0 ... 0 0 0]
149,149,c1cc(c(cc1/N=N/c2ccc(c(c2)C(=O)[O-])O)C(=O)[O-])O,1,0.0013564432621933,0,[0 0 0 ... 0 0 0]
813,813,CC(=O)N(CCCCCNC(=O)CCC(=O)N(CCCCCNC(=O)CCC(=O)N(CCCCC[NH3+])O)O)O,1,0.0010832707979716,0,[0 0 0 ... 0 0 0]
1342,1342,CCOc1ccccc1OCC[NH2+][C@H](C)Cc2ccc(c(c2)S(=O)(=O)N)OC,1,0.0001375605576413,0,[0 1 0 ... 0 0 0]
1131,1131,CCC(=O)O[C@H]1[C@H](C[C@@H]2[C@@]1(CC[C@H]3[C@H]2CC[C@@H]4[C@@]3(C[C@@H]([C@H](C4)OC(=O)C)[NH+]5CCCCC5)C)C)[N+]6(CCCCC6)CC=C,1,2.1647869719032545e-07,0,[0 0 1 ... 0 0 0]
1333,1333,CCOC(=O)Nc1ccc(cc1N)NCc2ccc(cc2)F,1,0.1090108677744865,0,[0 0 0 ... 0 0 0]
1100,1100,CCC#CC(C)C1(C(=O)NC(=O)N(C1=O)C)CC=C,1,0.0265455743297934,0,[0 1 0 ... 0 0 0]
81,81,C1[C@@H]([C@H]([C@@H]([C@H]([C@@H]1[NH3+])O[C@@H]2[C@@H]([C@H]([C@@H]([C@H](O2)CO)O)[NH3+])O)O)O[C@@H]3[C@@H](C[C@@H]([C@H](O3)C[NH3+])O)[NH3+])[NH3+],1,0.0001283840110595,0,[0 0 0 ... 0 0 0]
1218,1218,CCCCc1c(c2ccccc2o1)C(=O)c3cc(c(c(c3)I)OCC[NH+](CC)CC)I,1,3.329702503833687e-05,0,[0 0 0 ... 0 0 0]
1074,1074,CC[N+](C)(C)Cc1ccccc1Br,1,6.038493957021274e-05,0,[0 0 0 ... 0 0 0]
205,205,c1cc(ccc1OCC(COC(=O)N)O)Cl,1,0.0031704328954219,0,[0 1 0 ... 0 0 0]
20,20,C(#N)[Fe-2](C#N)(C#N)(C#N)(C#N)N=O,1,0.0001797817953047,0,[0 0 0 ... 0 0 0]
1413,1413,CNC1=[NH+]c2ccc(cc2C(=[N+](C1)[O-])c3ccccc3)Cl,1,0.0010097008896991,0,[0 0 0 ... 0 0 0]
97,97,c1[nH]c(=O)c2c(n1)n(cn2)[C@H]3CC[C@H](O3)CO,1,0.002283421595348,0,[0 0 0 ... 0 0 0]
667,667,CC(C)(C(=O)[O-])O/N=C(/c1csc(n1)N)\C(=O)N[C@H]2[C@@H]3N(C2=O)C(=C(CS3)C[n+]4ccccc4)C(=O)[O-],1,2.793843268591445e-05,0,[0 0 0 ... 0 0 0]
224,224,c1cc2c(cc1)C(=O)C(=C(C2=O)[C@H]3CC[C@@H](CC3)c4ccc(cc4)Cl)[O-],1,0.0002149645762983,0,[0 1 0 ... 0 0 0]
228,228,c1cc2c(cc1F)CCC(O2)C(C[NH2+]CC(C3CCc4cc(ccc4O3)F)O)O,1,0.0111310394480824,0,[0 1 0 ... 0 0 0]
1382,1382,Cn1c(nnn1)SCC2=C(N3[C@@H]([C@@](C3=O)(NC(=O)C(c4ccc(cc4)O)C(=O)[O-])OC)OC2)C(=O)[O-],1,0.0013678417089977,0,[0 1 0 ... 0 0 0]
1371,1371,CN(CCCNC(=O)C1CCCO1)c2nc3cc(c(cc3c(n2)N)OC)OC,1,0.0144250386860221,0,[0 0 0 ... 0 0 0]
540,540,C[C@H]1C[C@H]2[C@@H]3CCC4=CC(=O)C=C[C@@]4([C@H]3C(=O)C[C@@]2([C@]1(C(=O)CO)O)C)C,1,0.8804248213768006,0,[0 0 0 ... 0 0 0]
1,1,[C@@H]1([C@@H]([C@@H]([C@H]([C@@H]([C@@H]1Cl)Cl)Cl)Cl)Cl)Cl,1,0.0006594141945242,0,[0 0 0 ... 0 0 0]
750,750,CC(C)CN(C[C@H]([C@H](Cc1ccccc1)NC(=O)O[C@H]2CCOC2)O)S(=O)(=O)c3ccc(cc3)N,1,0.0019816455343971,0,[0 1 0 ... 0 0 0]
1232,1232,CCCCCCCC(=O)CC[C@H]1[C@@H](C[C@@H]([C@@H]1C/C=C\CCCC(=O)OC(C)C)O)O,1,2.1207057397987227e-05,0,[0 1 0 ... 0 0 0]
1224,1224,CCCCC[C@H](CC[C@H]1[C@@H]2Cc3cccc(c3C[C@@H]2C[C@@H]1O)OCC(=O)[O-])O,1,0.0018332452629692,0,[0 1 0 ... 0 0 0]
987,987,CC1Cc2ccccc2N1NC(=O)c3ccc(c(c3)S(=O)(=O)N)Cl,1,0.0104996291454881,0,[0 0 0 ... 0 0 0]
1151,1151,CCC1=C(CN(C1=O)C(=O)NCCc2ccc(cc2)S(=O)(=O)[N-]C(=O)NC3CCC(CC3)C)C,1,0.0056245149462483,0,[0 0 0 ... 0 0 0]
775,775,CC(c1ccccc1)(c2ccccn2)OCC[NH+](C)C,1,6.322032422758638e-05,0,[0 0 0 ... 0 0 0]
162,162,c1cc(c(cc1F)F)C(Cn2cncn2)(Cn3cncn3)O,1,0.0533012578263878,0,[1 0 0 ... 0 0 0]
414,414,C[C@@H]1[C@H]([C@H](C[C@@H](O1)O[C@H]2CC[C@]3([C@@H](C2)CC[C@@H]4[C@@H]3C[C@H]([C@]5([C@@]4(CC[C@@H]5C6=CC(=O)OC6)O)C)O)C)O)O[C@H]7C[C@@H]([C@@H]([C@H](O7)C)O[C@H]8C[C@@H]([C@@H]([C@H](O8)C)O[C@H]9[C@@H]([C@H]([C@@H]([C@H](O9)CO)O)O)O)O)O,1,0.0027118329890072,0,[0 0 0 ... 0 0 0]
766,766,CC(C)OP(=O)(OC(C)C)F,1,5.329293999238871e-05,0,[0 1 0 ... 0 0 0]
444,444,C[C@](Cc1ccc(cc1)O)(C(=O)[O-])[NH3+],1,1.7438744509945537e-05,0,[0 0 0 ... 0 0 0]
436,436,C[C@@H]1CCC2C[C@@H](/C(=C/C=C/C=C/[C@H](C[C@H](C(=O)[C@@H]([C@@H](/C(=C/[C@H](C(=O)C[C@H](OC(=O)[C@@H]3CCCCN3C(=O)C(=O)[C@@]1(O2)O)[C@H](C)C[C@@H]4CC[C@H]([C@@H](C4)OC)OC(=O)C(C)(CO)CO)C)/C)O)OC)C)C)/C)OC,1,0.2684137749341971,0,[0 1 0 ... 0 0 0]
114,114,c1c(c(=O)[nH]c(=O)n1[C@H]2C[C@@H]([C@H](O2)CO)O)I,1,0.0014620335481595,0,[0 0 0 ... 0 0 0]
1306,1306,CCNC(=[NH+]CCCC[C@H](C(=O)N[C@@H](CC(C)C)C(=O)N[C@@H](CCCC[NH+]=C(NCC)NCC)C(=O)N1CCC[C@H]1C(=O)N[C@H](C)C(=O)N)NC(=O)[C@H](Cc2ccc(cc2)O)NC(=O)[C@H](CO)NC(=O)[C@@H](Cc3cccnc3)NC(=O)[C@@H](Cc4ccc(cc4)Cl)NC(=O)[C@@H](Cc5ccc6ccccc6c5)NC(=O)C)NCC,1,2.3794006369826094e-05,0,[0 1 0 ... 0 0 0]
918,918,CC1=C(C(=O)C[C@@H]1OC(=O)[C@@H]2[C@H](C2(C)C)C=C(C)C)C/C=C/C=C,1,0.0307833140250295,0,[0 0 0 ... 0 0 0]
467,467,C[C@]12CC[C@H]3[C@H]([C@@H]1CC[C@@H]2C(=O)Nc4cc(ccc4C(F)(F)F)C(F)(F)F)CC[C@@H]5[C@@]3(C=CC(=O)N5)C,1,0.9965742588043212,0,[0 0 0 ... 0 0 0]
319,319,c1ccc2c(c1)c(ns2)N3CC[NH+](CC3)CCc4cc5c(cc4Cl)NC(=O)C5,1,0.0011014096962753,0,[0 0 0 ... 0 0 0]
1169,1169,CCC[C@]1(CC(=C(C(=O)O1)[C@H](CC)c2cccc(c2)[N-]S(=O)(=O)c3ccc(cn3)C(F)(F)F)[O-])CCc4ccccc4,1,0.0075889204395934,0,[0 1 0 ... 0 0 0]
392,392,C[C@@H]([C@H](c1ccccc1)O)[NH2+]C,1,0.0001294306713134,0,[0 1 0 ... 0 0 0]
544,544,C[C@H]1COc2c3n1cc(c(=O)c3cc(c2N4CC[NH+](CC4)C)F)C(=O)[O-],1,1.810606809158344e-05,0,[0 0 0 ... 1 0 0]
46,46,C(=C(F)F)(F)F,1,0.001733559067361,0,[0 0 0 ... 0 0 0]
305,305,C1=CC=C(C=C1)NS(=O)(=O)C2=CC=CC(=C2)/C=C/C(=O)NO,0,0.5132424913346767,1,[0 0 0 ... 0 0 0]
1372,1372,CN(CCOc1ccc(cc1)CC2C(=O)[N-]C(=O)S2)c3ccccn3,1,0.1283288083970546,0,[0 0 0 ... 0 0 0]
56,56,C(CC(O)(P(=O)([O-])[O-])P(=O)([O-])[O-])C[NH3+],1,5.89945884676979e-07,0,[0 0 0 ... 0 0 0]
363,363,c1cnccc1c2cc(c(=O)[nH]c2)N,1,0.1024797476828098,0,[0 0 0 ... 0 0 0]
580,580,C[NH+](C)CCC(c1ccccc1)c2ccccn2,1,0.000121645478066,0,[0 1 0 ... 0 0 0]
454,454,C[C@]12C[C@@H]([C@H]3[C@H]([C@@H]1CC[C@@]2(C(=O)CO)O)CCC4=CC(=O)C=C[C@]34C)O,1,0.0153496298007667,1,[0 0 0 ... 0 0 0]
234,234,c1cc2cccnc2c(c1)O,1,0.0033836140413768,0,[0 0 0 ... 0 0 0]
1320,1320,CCOC(=O)[C@H](CCc1ccccc1)[NH2+][C@H]2CCc3ccccc3N(C2=O)CC(=O)[O-],1,0.0004822259172215,0,[0 1 0 ... 0 0 0]
1410,1410,CNC(=O)c1cnn(c1)c2nc(c3c(n2)n(cn3)[C@H]4[C@@H]([C@@H]([C@H](O4)CO)O)O)N,1,0.8682465314865112,0,[0 0 0 ... 0 0 0]
383,383,c1nc2c(=O)[nH]c(nc2n1COC(CO)CO)N,1,0.0042247230652719,0,[0 1 0 ... 0 0 0]
882,882,CC1(C2(C(=O)/C(=C\c3ccc(cc3)/C=C/4\C(=O)C5(C(C4CC5)(C)C)CS(=O)(=O)[O-])/C1CC2)CS(=O)(=O)[O-])C,1,0.0008230108476709,0,[0 0 0 ... 0 0 0]
936,936,Cc1c(ccc2c1c(nc(n2)N)N)CNc3cc(c(c(c3)OC)OC)OC,1,0.0019488990190438,0,[0 0 0 ... 0 0 0]
559,559,C[N+]1(CCc2cc(c(cc2C1Cc3ccc(c(c3)OC)OC)OC)OC)CCC(=O)OCCCCCOC(=O)CC[N+]4(CCc5cc(c(cc5C4Cc6ccc(c(c6)OC)OC)OC)OC)C,1,0.0039694498351309,0,[0 0 0 ... 0 0 0]
636,636,C[NH+]1CCN(CC1)C2=[NH+]c3ccccc3Oc4c2cc(cc4)Cl,1,1.3176222410038465e-05,0,[0 0 0 ... 0 0 0]
764,764,CC(C)OC(=O)CCC/C=C\C[C@H]1[C@H](C[C@H]([C@@H]1CC[C@H](CCc2ccccc2)O)O)O,1,0.010070194909349,0,[0 1 0 ... 0 0 0]
583,583,C[NH+](C)CCc1c[nH]c2c1cc(cc2)CS(=O)(=O)N3CCCC3,1,0.0005871045403182,0,[0 0 0 ... 0 0 0]
1104,1104,CCC(C)(C)C1C(=O)N2CCCC2C3(N1C(=O)C(O3)(C(C)C)NC(=O)C4CC5c6cccc7c6c(c[nH]7)CC5[NH+](C4)C)O,1,5.48518041796342e-05,0,[0 1 0 ... 0 0 0]
1029,1029,Cc1cn(c(=O)[nH]c1=O)[C@H]2C=C[C@H](O2)CO,1,0.027402121014893,0,[0 0 0 ... 0 0 0]
1058,1058,CC[C@@H]1[C@@]([C@@H]([C@H](C(=O)[C@@H](C[C@@]([C@@H]([C@H]([C@@H]([C@H](C(=O)O1)C)O[C@H]2C[C@@]([C@H]([C@@H](O2)C)O)(C)OC)C)O[C@H]3[C@@H]([C@H](C[C@H](O3)C)[NH+](C)C)O)(C)O)C)C)O)(C)O,1,1.7926055579664536e-05,0,[0 0 0 ... 0 0 0]
