,Unnamed: 0,CMPD_CHEMBLID,exp,smiles,drug_like,fp
3036,3036,CHEMBL436826,4.25,CCOc1ccc(cc1)N2C(=O)c3ccccc3N=C2[C@@H](C)N(Cc4cccnc4)C(=O)Cc5ccc(cc5)C(F)(F)F,1,[0 1 0 ... 0 0 0]
3484,3484,CHEMBL50347,2.9,COC(=O)CCCCCCC(=O)Nc1ccc2c(c1)C(=O)C(=O)c3ccccc23,1,[0 1 0 ... 0 0 0]
2839,2839,CHEMBL87785,4.35,C[C@H](CNCCc1ccncc1)c2c([nH]c3ccc(cc23)C(C)(C)C(=O)N4C5CCC4CC5)c6cc(C)cc(C)c6,1,[0 1 0 ... 0 0 0]
72,72,CHEMBL1652588,3.16,Cn1cncc1c2c3C(=O)N(CC#C)C(=O)N(CC4CC4)c3nn2Cc5ccnc6ccc(Cl)cc56,1,[0 0 0 ... 0 0 0]
2792,2792,CHEMBL1951072,1.95,COc1cc(OC)c(cc1NC(=O)C)S(=O)(=O)N2C(C)Cc3ccccc23,1,[0 0 0 ... 0 0 0]
1994,1994,CHEMBL2158833,1.1,OC(=O)c1ccc(CN2CCC(CN3CCC(CC3)Oc4ccc(Cl)c(Cl)c4)CC2)cc1,1,[0 0 0 ... 0 0 0]
799,799,CHEMBL217354,3.44,CC(C)c1ccccc1Cc2cc(C(=O)Nc3ccc(cc3)S(=O)(=O)c4ccccc4C(C)(C)C)c(O)c(O)c2O,1,[0 1 0 ... 0 0 0]
2759,2759,CHEMBL110599,3.07,COc1ccc(C(CN2CCCC2)N(C)C(=O)Cc3ccc(Cl)c(Cl)c3)c(OC)c1,1,[0 1 0 ... 0 1 0]
2103,2103,CHEMBL2331843,2.0,CCc1[nH]c2nc(Sc3cnc4ccc[n+]([O-])c4c3)nc(N5CC[C@@H](N)C5)c2c1Cl,1,[0 0 0 ... 0 0 0]
1410,1410,CHEMBL1824034,0.83,COC(=O)c1ccc2OCC(=O)N(CCN3CCC(CC3)NCc4ccc5OCC(=O)Nc5n4)c2c1,1,[0 0 0 ... 0 0 0]
156,156,CHEMBL1940108,3.11,COc1cccc(NC(=O)Cn2cc(Oc3ncnc4cc(OC)c(OC)cc34)cn2)c1,1,[0 0 0 ... 0 0 0]
2377,2377,CHEMBL2035040,1.3,NC(=O)c1cnc(c2ccc(cc2)C3(N)CCC3)c(c1)c4ccccc4,1,[0 0 0 ... 0 0 0]
3610,3610,CHEMBL1419,3.6,CC(C)CC(N(C)C)C1(CCC1)c2ccc(Cl)cc2,1,[0 1 0 ... 0 0 0]
87,87,CHEMBL1689126,0.18,C[C@H]1CN(Cc2cc(Cl)ccc2OCC(=O)O)CCN1C(=O)Cc3ccccc3,1,[0 0 0 ... 0 0 0]
465,465,CHEMBL230641,4.21,CC(C)c1ccccc1Nc2nc(SCc3cccs3)n[nH]2,1,[0 1 0 ... 0 0 0]
1958,1958,CHEMBL2058280,2.8,Nc1scc2C(=NN(C(=O)c12)c3ccc(F)cc3)C(=O)NC4CC4,1,[0 0 0 ... 0 0 0]
2914,2914,CHEMBL113014,2.15,CC(C)C(NC(=O)CN1C(=O)C(=CC=C1c2ccccc2)NC(=O)NCc3ccccn3)C(=O)C(F)(F)F,1,[0 1 0 ... 0 0 0]
2111,2111,CHEMBL269538,2.9,COc1ccc2c(c1)[nH]c3c(C)nccc23,1,[0 0 0 ... 0 0 0]
1411,1411,CHEMBL402934,3.9,Clc1ccc2OCOc2c1Nc3ccnc(Nc4ccccc4)n3,1,[0 0 0 ... 0 0 0]
3587,3587,CHEMBL1209657,3.98,Fc1ccc(cc1Cl)S(=O)(=O)NCC(N2CCCCCC2)c3ccccc3,1,[0 1 1 ... 0 0 0]
3511,3511,CHEMBL1881806,0.74,NC(=O)c1nnn(c1N)c2ccccc2,1,[0 0 0 ... 0 0 0]
3618,3618,CHEMBL2022881,1.52,COc1ccc(cc1)c2cc(O)nc(N)n2,1,[0 0 0 ... 0 0 0]
2781,2781,CHEMBL2171277,3.9,Cc1ccc(NC(=O)[C@H]2CCCN2S(=O)(=O)c3cccc4cccnc34)c(C)c1,1,[0 0 0 ... 0 0 0]
3693,3693,CHEMBL2158822,2.83,OC(=O)c1ccccc1N2CCC(CN3CCC(CC3)Oc4ccc(Cl)c(Cl)c4)CC2,1,[0 0 0 ... 0 0 0]
3213,3213,CHEMBL271013,3.12,C[C@H](CO)Nc1nc(SCc2ccccc2)nc3nc(N)sc13,1,[0 1 0 ... 0 0 0]
1572,1572,CHEMBL1170,3.3,CCC(=O)O[C@H]1CC[C@H]2[C@@H]3CCC4=CC(=O)CC[C@]4(C)[C@H]3CC[C@]12C,1,[0 0 0 ... 0 0 0]
1114,1114,CHEMBL2031466,1.56,CC(C)NC(=O)c1ccc(C)c(c1)N2C=Nc3ccc(cc3C2=O)N4CCN(C)CC4,1,[0 1 0 ... 0 0 0]
3162,3162,CHEMBL319136,3.6,CN(C)C(=O)[C@H](O)[C@H](Cc1ccccc1)NC(=O)c2cc3cc(Cl)ccc3[nH]2,1,[0 1 0 ... 0 0 0]
347,347,CHEMBL1382733,1.2,Cn1c(nc2ccccc12)c3ccc(O)nc3,1,[0 0 0 ... 0 0 0]
189,189,CHEMBL1987793,3.89,Cc1ccccc1c2c(C(=O)O)n(CCCOc3cccc4ccccc34)c5ccccc25,1,[0 0 0 ... 0 0 0]
4195,4195,CHEMBL496929,3.85,OCCc1ccc(NC(=O)c2cc3cc(Cl)ccc3[nH]2)cc1,1,[0 0 0 ... 0 0 0]
2935,2935,CHEMBL1477,1.72,COCc1c(nc(C(C)C)c(\C=C\[C@@H](O)C[C@@H](O)CC(=O)O)c1c2ccc(F)cc2)C(C)C,1,[0 1 0 ... 0 0 0]
2638,2638,CHEMBL861,1.59,CCC1(NC(=O)N(C)C1=O)c2ccccc2,1,[0 0 0 ... 0 0 0]
3364,3364,CHEMBL170307,1.78,CC(=O)NCc1ccc(CN2CCN(CC2)c3ccccc3)cc1,1,[0 0 0 ... 0 0 0]
45,45,CHEMBL1234354,2.2,COc1ccc(cn1)C2=Cc3c(C)nc(N)nc3N([C@@H]4CC[C@H](CC4)OCCO)C2=O,1,[0 0 0 ... 0 1 0]
2359,2359,CHEMBL1598315,1.23,CNC(=O)c1snnc1c2ccccc2,1,[0 0 0 ... 0 0 0]
1332,1332,CHEMBL1475400,1.69,Oc1cc(OCc2ccccc2)ccn1,1,[0 0 0 ... 0 0 0]
2553,2553,CHEMBL355236,2.8,CCCc1c(O)c(ccc1OCc2ccc(cc2OC)c3nn[nH]n3)C(=O)C,1,[0 0 0 ... 0 0 0]
3215,3215,CHEMBL2086694,2.85,C[C@@H]1CN(CCN1c2ncc(OCc3ccncc3C#N)cn2)c4noc(n4)C(F)F,1,[0 1 0 ... 0 0 0]
2249,2249,CHEMBL402728,1.73,C[C@H](CO)Nc1nc(SCc2csc(C)n2)nc3NC(=O)Sc13,1,[0 1 0 ... 0 0 0]
2019,2019,CHEMBL1451129,2.7,CC1=CC(=O)Oc2cc3NCCCc3cc12,1,[0 0 0 ... 0 0 0]
3894,3894,CHEMBL2017291,3.15,COc1cc2c3N([C@H](C)c4ccccn4)C(=O)Nc3cnc2cc1c5c(C)onc5C,1,[0 1 0 ... 0 0 0]
3878,3878,CHEMBL453222,2.34,COCCOc1ccc(cc1)c2cc(C(=O)N)c(NC(=O)N)s2,1,[0 0 0 ... 0 0 0]
1236,1236,CHEMBL2170837,4.2,CCn1c(C)c(C(=O)O)c(c2cccc(c2)N3CCN(CC3)c4ccc(NS(=O)(=O)c5ccc(N[C@H](CCN6CCC(O)CC6)CSc7ccccc7)c(c5)S(=O)(=O)C(F)(F)F)cc4)c1c8ccc(Cl)cc8,1,[0 1 0 ... 0 0 0]
378,378,CHEMBL403812,1.69,Nc1ccccc1NC(=O)c2ccc(cc2)c3ncc(CN4CCC4)cc3F,1,[0 0 0 ... 0 0 0]
3435,3435,CHEMBL1683689,3.05,CC(C)[C@@H]1N=C(c2ccccc2)c3ccccc3NC1=O,1,[0 1 0 ... 0 0 0]
888,888,CHEMBL2170985,0.9,Nc1ncnc2c1ncn2[C@@H]3O[C@H](CSCCCNC(=O)NCc4ccccc4)[C@@H](O)[C@H]3O,1,[0 0 0 ... 0 0 0]
817,817,CHEMBL1809200,3.5,COc1cc(ccc1Nc2ncc(Cl)c(n2)c3cnc4c(OC)cccn34)N5CCN(CC5)C(=O)C,1,[0 0 0 ... 0 0 0]
3142,3142,CHEMBL201800,3.1,Nc1nc2nc(SCc3ccccc3)nc(N)c2s1,1,[0 0 0 ... 0 0 0]
3231,3231,CHEMBL1199945,3.4,COCC(=O)N1CCC(CC1)n2cc(cn2)c3cnc(N)c(c3)c4oc5ccccc5n4,1,[0 0 0 ... 0 0 0]
2104,2104,CHEMBL1350030,1.71,OC1(C(=O)Nc2ccccc12)c3ccccc3,1,[0 0 0 ... 0 0 0]
3240,3240,CHEMBL2158780,2.53,Cc1cc(Cl)ccc1OC2CCN(CC3CCN(CC3)[C@@H](Cc4ccc(F)cc4)C(=O)O)CC2,1,[0 1 0 ... 0 0 0]
531,531,CHEMBL472455,3.09,COc1ccc(N(C(C(=O)NC2CCCC2)c3ccccc3F)C(=O)c4occc4)c(OC)c1,1,[0 1 0 ... 0 0 0]
4145,4145,CHEMBL1527495,1.7,O=S(=O)(Nc1cccc2[nH]ncc12)c3cccs3,1,[0 0 0 ... 0 0 0]
3964,3964,CHEMBL517712,-0.66,CN1[C@@H]2CC[C@H]1C[C@H](C2)OC(=O)C(CO)c3ccccc3,0,[0 1 0 ... 0 0 0]
3081,3081,CHEMBL1352372,2.08,Nc1nc2OC(COc3ccccc3)Cc2c(N)c1C#N,1,[0 0 0 ... 0 0 0]
4147,4147,CHEMBL452273,0.87,COCCNCc1ccc(cc1)c2cc(C(=O)N)c(NC(=O)N)s2,1,[0 0 0 ... 0 0 0]
3768,3768,CHEMBL457393,3.14,C[C@H](Nc1ncc(F)c(Nc2cc([nH]n2)C3CC3)n1)c4ccc(F)cn4,1,[0 1 0 ... 0 0 0]
883,883,CHEMBL324343,1.14,CC(C)C(NC(=O)CN1C(=O)C(=CC=C1c2ccccc2)NC(=O)Cc3ccccc3C(=O)O)C(=O)C(F)(F)F,1,[0 1 0 ... 0 0 0]
3551,3551,CHEMBL2316381,4.2,FC(F)(F)CCS(=O)(=O)Oc1ccc(NC(=O)c2ccc(Cn3ccnn3)c4ccccc24)c(n1)C(=O)NCC5CCOCC5,1,[0 0 0 ... 0 0 0]
2358,2358,CHEMBL100913,0.95,Oc1ccc(cc1)c2ccc(cc2)C3(O)CN4CCC3CC4,1,[0 0 0 ... 0 0 0]
2100,2100,CHEMBL1774099,2.5,COc1ccccc1N2CCN(CC3=C(Br)C(=O)N(N3C)c4ccccc4)CC2,1,[0 0 0 ... 0 0 0]
1493,1493,CHEMBL2334381,3.3,CCCN(CCC)C(=O)c1cccc(c1)C(=O)N[C@@H](Cc2ccccc2)[C@H](O)CNC3Cc4ccccc4C3,1,[0 1 0 ... 0 0 0]
2137,2137,CHEMBL187673,3.3,Oc1ccc(cc1)c2oc3cc(O)ccc3n2,1,[0 0 0 ... 0 0 0]
2345,2345,CHEMBL198150,1.73,CCN(C1CCN(CCC(c2ccccc2)c3ccc(cc3)S(=O)(=O)C)CC1)C(=O)Cc4ccc(cc4)S(=O)(=O)C,1,[0 1 0 ... 0 0 0]
3969,3969,CHEMBL2158783,3.15,Cc1c(Cl)ccc(OC2CCN(CC3CCN(CC3)[C@@H](Cc4ccc(F)cc4)C(=O)O)CC2)c1Cl,1,[0 1 0 ... 0 0 0]
1759,1759,CHEMBL2011920,2.5,CNc1c(Br)cnc2[nH]c(nc12)c3cnn(c3)C4CCN(C)CC4,1,[0 0 0 ... 0 0 0]
1739,1739,CHEMBL95,0.38,Nc1c2CCCCc2nc3ccccc13,1,[0 0 0 ... 0 0 0]
3256,3256,CHEMBL1956129,2.4,C[C@@](CCc1ccc(cc1)c2ccc(Cl)cc2)(C(=O)NO)S(=O)(=O)C,1,[0 0 1 ... 0 0 0]
2404,2404,CHEMBL1389370,3.3,CCN(CC)CCNc1ncnc2c1sc3nc(N4CCOCC4)c5CCCCc5c23,1,[0 0 0 ... 0 0 0]
2224,2224,CHEMBL2005730,3.2,COC(=O)c1ccc(NC(=O)c2cc(OC)c(OC)c(OC)c2)cc1,1,[0 0 0 ... 0 0 0]
3524,3524,CHEMBL1764,2.99,COc1ccc2Sc3ccccc3N(C[C@H](C)CN(C)C)c2c1,1,[0 1 0 ... 0 0 0]
496,496,CHEMBL898,0.59,OC(=O)c1cc(ccc1O)c2ccc(F)cc2F,1,[0 0 0 ... 0 0 0]
1077,1077,CHEMBL2059867,2.97,Cc1ccc(cc1NC(=O)c2ccc(OCc3ccccn3)cc2)c4c[nH]c(C)n4,1,[0 0 0 ... 0 0 0]
2062,2062,CHEMBL1809199,3.2,COc1cc(ccc1Nc2ncc(Cl)c(n2)c3cnc4c(C)cccn34)N5CCN(CC5)C(=O)C,1,[0 0 0 ... 0 0 0]
2368,2368,CHEMBL2062578,3.09,OCc1ccc2ccn(c3cc(NC4CC4)n5ncc(C#N)c5n3)c2c1,1,[0 0 0 ... 0 0 0]
3985,3985,CHEMBL1223459,2.72,CC1=CC2=NNC(=O)N2c3cc(ccc13)c4cccnc4,1,[0 0 0 ... 0 0 0]
142,142,CHEMBL2059861,2.83,Cc1ccc(cc1NC(=O)c2ccc(OCc3ccccn3)cc2)c4nccn4C,1,[0 0 0 ... 0 0 0]
638,638,CHEMBL2207657,3.0,Cc1cc(Cl)ccc1OC2CCN(C[C@H](O)CNC(=O)C3=CNC(=O)c4c(F)cccc34)CC2,1,[0 1 0 ... 0 0 0]
2826,2826,CHEMBL178457,2.67,CC1=C(C(=O)N(C[C@H](N)c2ccccc2)C(=O)N1Cc3c(F)cccc3F)c4ccc5OCOc5c4,1,[0 1 0 ... 0 0 0]
1965,1965,CHEMBL2206790,3.6,COCC[C@H](Oc1ncnc2c1cnn2c3ccccc3Cl)C(=O)Nc4ccc(C)cn4,1,[0 1 0 ... 0 0 0]
2025,2025,CHEMBL190458,-0.3,CC1=C(CCC(=O)O)C(=O)Oc2c(C)c(O)ccc12,1,[0 0 0 ... 0 0 0]
2434,2434,CHEMBL267744,-0.84,OC(=O)COc1ccc(C(=O)c2cccs2)c(Cl)c1Cl,0,[0 0 0 ... 0 0 0]
304,304,CHEMBL216981,2.32,CC[C@@H](NC1=C(Nc2cccc(C(=O)N(C)C)c2O)C(=O)C1=O)c3oc(C)cc3,1,[0 1 0 ... 0 0 0]
2657,2657,CHEMBL1575581,2.23,Cc1ccc2c(N)c(C#N)sc2n1,1,[0 0 0 ... 0 0 0]
2373,2373,CHEMBL513412,2.04,COc1ccc(N(C(C(=O)NC[C@@H](C)O)c2ccccc2F)C(=O)c3occc3C)c(OC)c1,1,[0 1 0 ... 0 0 0]
2457,2457,CHEMBL1199988,1.85,Nc1ncc(cc1c2oc3ccccc3n2)c4cnn(c4)C5CCNCC5,1,[0 0 0 ... 0 0 0]
2459,2459,CHEMBL398894,2.6,NS(=O)(=O)c1cccc(Nc2nccc(Nc3cccc4[nH]ncc34)n2)c1,1,[0 0 0 ... 0 0 0]
3719,3719,CHEMBL1950853,1.47,CN[C@@H](C)C(=O)N[C@H](C(=O)N[C@H]1CCCN(CCc2cccc(OC)c2)C1)C(C)(C)C,1,[0 1 0 ... 0 0 0]
1789,1789,CHEMBL379082,2.37,CCN(C1CCN(CC[C@H](c2ccc(cc2)S(=O)(=O)C)c3cccc(Cl)c3)CC1)C(=O)Cc4ccc(cc4)S(=O)(=O)C,1,[0 1 0 ... 0 0 0]
3584,3584,CHEMBL474830,2.0,CC(C)CNc1nc(nc(N2CC(O)C2)c1N)C#N,1,[0 1 0 ... 0 0 0]
2151,2151,CHEMBL2207666,3.42,O[C@H](CNC(=O)C1=CNC(=O)c2ccccc12)CN3CCC(CC3)Oc4ccc(Cl)c(Cl)c4,1,[0 1 0 ... 0 0 0]
526,526,CHEMBL417727,2.23,Nc1ccc2c3ccccc3C(=O)C(=O)c2c1,1,[0 1 0 ... 0 0 0]
3840,3840,CHEMBL1726,3.59,COC(=O)C1=C(C)NC(=C(C1c2ccccc2[N+](=O)[O-])C(=O)OCC(C)C)C,1,[1 1 0 ... 0 0 0]
2905,2905,CHEMBL1346,2.79,NC(=O)C([C@@H]1CCN(CCc2ccc3OCCc3c2)C1)(c4ccccc4)c5ccccc5,1,[0 0 0 ... 0 0 0]
491,491,CHEMBL2164377,3.9,FC(F)(F)Oc1ccc(CNC(=O)C2N(CC3CC(F)(F)C3)C(=O)c4ccccc24)cc1,1,[0 0 0 ... 0 0 0]
2592,2592,CHEMBL1214827,2.5,CC(C)c1cc(C(=O)N2Cc3ccc(CN4CCN(C)CC4)cc3C2)c(O)cc1O,1,[0 1 0 ... 0 0 0]
1643,1643,CHEMBL1950858,0.77,CN[C@@H](C)C(=O)N[C@H](C(=O)N[C@H]1CCCN(CCc2ccc(O)cc2)C1)C(C)(C)C,1,[0 1 0 ... 0 0 0]
1547,1547,CHEMBL246746,2.44,Clc1ccc2[nH]ncc2c1,1,[0 0 0 ... 0 0 0]
3065,3065,CHEMBL184012,3.47,Cc1ccc(NC(=O)c2ccnc(c2)N3CCOCC3)cc1NC(=O)c4ccc(OCc5ccccn5)cc4,1,[0 0 0 ... 0 0 0]
2487,2487,CHEMBL388525,3.39,Oc1cc(O)c2C(=O)c3ccccc3Oc2c1,1,[0 0 0 ... 0 0 0]
1277,1277,CHEMBL2208422,3.42,O[C@H](CNS(=O)(=O)c1cccc(c1)C#N)CN2CCC(CC2)Oc3ccc(Cl)c(Cl)c3,1,[0 1 0 ... 0 0 0]
3811,3811,CHEMBL1201256,0.74,COc1cc(cc(OC)c1OC)C(=O)NCc2ccc(OCCN(C)C)cc2,1,[0 0 0 ... 0 0 0]
3176,3176,CHEMBL1994944,1.61,Cn1ncc2C(=O)NC(=Nc12)c3ccccc3,1,[0 0 0 ... 0 0 0]
2294,2294,CHEMBL521815,1.03,CN1CCN(CC1)C(=O)c2cc(CC3=NNC(=O)c4ccccc34)ccc2F,1,[1 0 0 ... 0 0 0]
629,629,CHEMBL132293,1.09,OC[C@H](O)C(=O)N1CCC(=CC1)c2ccc(cc2F)N3C[C@H](COc4ccon4)OC3=O,1,[0 1 0 ... 0 0 0]
872,872,CHEMBL2336331,3.75,C[C@@H]1CN(C[C@H](C)O1)c2nc(N3CCOC[C@@H]3C)c4ccc(nc4n2)c5ccccc5,1,[0 1 0 ... 0 0 0]
2212,2212,CHEMBL429330,2.49,CC(C)[C@H](NC(=O)CCc1ccccc1)C(=O)N2CCCC2,1,[0 1 0 ... 0 0 0]
2918,2918,CHEMBL1441,1.52,CCc1cc(ccn1)C(=S)N,1,[0 0 0 ... 0 0 0]
2689,2689,CHEMBL420055,0.9,COc1cc(ccc1Cn2cnc3ccc(NC(=O)CC4CCCC4)cc23)C(=O)NS(=O)(=O)c5ccccc5,1,[0 0 0 ... 0 0 0]
3174,3174,CHEMBL831,3.24,CN1CCN(CC1)C2=Nc3ccccc3Oc4ccc(Cl)cc24,1,[0 0 0 ... 0 0 0]
2033,2033,CHEMBL1779503,0.74,Clc1ccc(cc1C(=O)NCCc2ccccc2)N3N=CC(=O)NC3=O,1,[0 0 0 ... 0 0 0]
195,195,CHEMBL139347,2.4,Nc1nc(N)nc(n1)c2cccc(c2)C(F)(F)F,1,[0 0 0 ... 0 0 0]
1427,1427,CHEMBL2031556,-0.05,O=C(Nc1cccc(c1)c2nnn[nH]2)c3cccc4[nH]cnc34,1,[0 0 0 ... 0 0 0]
4047,4047,CHEMBL2030963,0.57,CNc1cccc(CCCc2ccc(C[C@H](NC(=O)c3c(Cl)cccc3Cl)C(=O)O)cc2)n1,1,[0 1 0 ... 0 0 0]
3119,3119,CHEMBL2089279,0.4,C[C@@H]1N[S@@](=O)(=NC1=O)c2cccc(c2)c3cccc(c3)C#N,1,[0 0 0 ... 0 0 0]
3489,3489,CHEMBL560739,3.56,CO[C@H]1CN(CCCOc2ccc(F)cc2)CC[C@H]1NC(=O)c3cc(Cl)c(N)cc3OC,1,[0 0 0 ... 0 0 0]
1983,1983,CHEMBL2036590,2.9,Fc1ccc(Nc2oc(nn2)C(=O)Nc3ccc(nc3)N4CCOCC4)cc1F,1,[0 0 0 ... 0 0 0]
1888,1888,CHEMBL113725,0.35,CC(C)C(NC(=O)CN1C(=O)C(=CC=C1c2ccccc2)NC(=O)Cc3ccc(cc3)C(=O)O)C(=O)C(F)(F)F,1,[0 1 0 ... 0 0 0]
692,692,CHEMBL331019,3.6,O=C(CSc1ccncc1)Nc2ccc(cc2)C(=O)c3ccccc3,1,[0 0 0 ... 0 0 0]
569,569,CHEMBL1762539,2.61,CN(c1ccnc(Nc2cc(cc(c2)N3CCN(C)CC3)N4CCOCC4)n1)c5cc(CO)ccc5C,1,[0 0 0 ... 0 0 0]
463,463,CHEMBL107920,3.84,Fc1cc(F)cc(c1)c2cc(on2)N(CCCN3CCCCCC3)Cc4ccc5OCOc5c4,1,[0 0 1 ... 0 0 0]
3807,3807,CHEMBL2031225,3.08,COc1cccc(c1)C(=O)Nc2ccc(C)c(c2)N3C=Nc4ccc(cc4C3=O)N5CCN(C)CC5,1,[0 0 0 ... 0 0 0]
4037,4037,CHEMBL1682829,3.3,CN1CCOc2cc(OC(=O)c3ccccc3)cnc12,1,[0 0 0 ... 0 0 0]
3869,3869,CHEMBL179043,1.0,O=C1C=C(N=C2C=CC=CN12)N3CCOCC3,1,[0 0 0 ... 0 0 0]
1128,1128,CHEMBL430381,3.11,OCC(CO)Nc1nc(SCc2cccc(F)c2F)nc3nc(NC4CC4)sc13,1,[0 1 0 ... 0 0 0]
485,485,CHEMBL1834385,2.0,Nc1nccc(n1)c2ccccc2,1,[0 0 0 ... 0 0 0]
1104,1104,CHEMBL322019,3.2,CN(C)CC(O)COc1ccc(Nc2nccc(n2)N(CC#C)c3cc(Cl)ccc3Cl)cc1,1,[0 1 0 ... 0 0 0]
1457,1457,CHEMBL1916284,2.35,C[C@H](NC(=O)c1c(NS(=O)(=O)c2ccc(C)cc2)n(nc1C(F)(F)F)c3ccccc3)C(C)(C)C,1,[0 1 0 ... 0 0 0]
2669,2669,CHEMBL954,4.09,CCN(CC)CCOc1ccc(cc1)\C(=C(\Cl)/c2ccccc2)\c3ccccc3,1,[0 0 0 ... 0 0 0]
2390,2390,CHEMBL2164748,0.9,COc1ccc2N=CC(=O)N(CCN3CC[C@@H](NCc4cc5OCCOc5cn4)[C@H](O)C3)c2c1,1,[0 0 0 ... 0 0 0]
3388,3388,CHEMBL81324,1.94,Clc1ccc(cc1)C(N2CCNCC2)c3ccccc3,1,[0 1 0 ... 0 0 0]
2281,2281,CHEMBL380936,3.69,Nc1nc(NCc2ccccc2)nc3c1nc(O)n3Cc4ccccc4,1,[0 0 0 ... 0 0 0]
2401,2401,CHEMBL123846,3.0,CCCc1c(O)c(ccc1OCCCOc2ccc3C(=O)C=C(Oc3c2CCC)C(=O)O)C(=O)C,1,[0 0 0 ... 0 0 0]
905,905,CHEMBL443684,0.64,CC1(C)CCC(=C(CN2CCN(CC2)c3ccc(cc3)C(=O)NS(=O)(=O)c4ccc(N[C@H](CCN5CCOCC5)CSc6ccccc6)c(c4)S(=O)(=O)C(F)(F)F)C1)c7ccc(Cl)cc7,1,[0 1 0 ... 0 0 0]
867,867,CHEMBL1940279,3.88,O[C@]1(CN2CCC1CC2)C#Cc3ccc(Oc4ccc(cc4)C(=O)NCc5ccnc6ccccc56)cc3,1,[0 0 0 ... 0 0 0]
33,33,CHEMBL2208428,2.34,CS(=O)(=O)c1ccccc1C(=O)NC[C@@H](O)CN2CCC(CC2)Oc3ccc(Cl)c(Cl)c3,1,[0 1 0 ... 0 0 0]
678,678,CHEMBL1302214,0.98,Nc1ccc(cc1)S(=O)(=O)N2CCCC2,1,[0 0 0 ... 0 0 0]
3988,3988,CHEMBL2012881,2.19,OCC1=CC2=NNC(=O)N2c3cc(ccc13)c4ccc[nH]4,1,[0 0 0 ... 0 0 0]
410,410,CHEMBL11,2.49,CN(C)CCCN1c2ccccc2CCc3ccccc13,1,[0 0 0 ... 0 0 0]
1239,1239,CHEMBL2030446,2.38,C[C@H]1COCCN1c2cc(CS(=O)(=O)C)nc(n2)c3ccc4[nH]ccc4c3,1,[0 0 0 ... 0 0 0]
3668,3668,CHEMBL1829257,0.02,CCC(N(CCCN)C(=O)c1ccc(C)cc1)C2=Nc3ccsc3C(=O)N2Cc4cscn4,1,[0 1 0 ... 0 0 0]
2039,2039,CHEMBL94191,3.04,COc1cc2ncnc(Nc3ccccc3)c2cc1OC,1,[0 0 0 ... 0 0 0]
1887,1887,CHEMBL1779018,2.9,CCCC(=O)NCc1cncc(c1)c2ccc(F)cc2OC,1,[0 0 0 ... 0 0 0]
776,776,CHEMBL404108,1.02,Cc1ccc(Nc2c(F)cccc2Cl)c(CC(=O)O)c1,1,[0 0 0 ... 0 0 0]
1334,1334,CHEMBL218573,3.15,CC(C)CN1C(=O)N(C)C(=O)c2c1sc(Cc3ccccc3C(F)(F)F)c2C(=O)N4C[C@H](O)CO4,1,[0 1 0 ... 0 0 0]
3010,3010,CHEMBL487066,3.06,CC(C)n1c(C)ncc1c2ccnc(Nc3ccc(cc3)C(=O)NC4CC4)n2,1,[0 1 0 ... 0 0 0]
3662,3662,CHEMBL2179287,3.04,CC1=CN(C2CCCN(Cc3cccc(Oc4ccccc4)c3)C2)C(=O)NC1=O,1,[0 0 0 ... 0 0 0]
3263,3263,CHEMBL2364611,1.71,Cc1cccc(n1)c2nn3CCCc3c2c4ccnc5ccc(cc45)C(=O)N,1,[0 0 0 ... 0 0 0]
4049,4049,CHEMBL1689111,0.33,OC(=O)COc1ccc(Cl)cc1CN2CCN(CC2)S(=O)(=O)Cc3ccccc3,1,[0 0 0 ... 0 0 0]
528,528,CHEMBL514690,2.88,CC(C)n1c(C)ncc1c2ccnc(Nc3ccc(cc3)N4CCOCC4)n2,1,[0 1 0 ... 0 0 0]
1511,1511,CHEMBL1223526,3.29,CC1=CC2=NNC(=O)N2c3cc(ccc13)c4ccc[nH]4,1,[0 0 0 ... 0 0 0]
1525,1525,CHEMBL606371,0.49,Cc1cc(C)c(C(=O)N[C@@H](Cc2ccc(OCCCNc3ccccn3)cc2)C(=O)O)c(C)c1,1,[0 1 0 ... 0 0 0]
3897,3897,CHEMBL2001019,1.7,OCCn1cc(cn1)c2cnc3nnn(Cc4ccc5ncccc5c4)c3n2,1,[0 0 0 ... 0 0 0]
1774,1774,CHEMBL1917423,2.0,Cc1c(Sc2ccc(Cl)cc2)c3cccc(Cl)c3n1CC(=O)O,1,[0 0 0 ... 0 0 0]
3935,3935,CHEMBL1502567,2.1,O=C1N2C=CC=CC2=Nc3ccccc13,1,[0 0 0 ... 0 0 0]
2628,2628,CHEMBL1809207,3.1,COc1cc(ccc1Nc2ncc(Cl)c(n2)c3cnc4cc(CO)ccn34)N5CCN(CC5)C(=O)C,1,[0 0 0 ... 0 0 0]
1831,1831,CHEMBL1682832,2.5,COC(=O)N1CCOc2cc(COc3ccccc3)cnc12,1,[0 0 0 ... 0 0 0]
4089,4089,CHEMBL334492,1.02,Clc1cc(Cl)c2c3C(=O)NNC(=O)c3[nH]c2c1,1,[0 0 0 ... 0 0 0]
1262,1262,CHEMBL1455292,0.8,CCCCN1Cc2c(O)n3nc(cc3nc2C1=O)c4occc4,1,[0 0 0 ... 0 0 0]
2423,2423,CHEMBL2030798,-0.31,CNc1cccc(CCOc2ccc(C[C@H](NC(=O)c3ccccc3Cl)C(=O)O)cc2)n1,1,[0 1 0 ... 0 0 0]
1945,1945,CHEMBL1164374,2.9,Fc1ccc(cc1)C(=O)C2CCN(CC2)C(=O)c3ccc(F)cc3,1,[0 0 0 ... 0 0 0]
1555,1555,CHEMBL378094,2.41,Cc1ccc2c(c(C)n(CC(=O)O)c2c1)c3ccnc4cc(Cl)ccc34,1,[0 0 0 ... 0 0 0]
2057,2057,CHEMBL1270670,3.7,CS(=O)(=O)c1cccc(Nc2nccc(Nc3c(Cl)ccc4ccoc34)n2)c1,1,[0 0 0 ... 0 0 0]
3001,3001,CHEMBL279416,0.3,Fc1ccc(cc1)c2ncn(C3CCNCC3)c2c4ccncc4,1,[0 0 0 ... 0 0 0]
962,962,CHEMBL274642,2.55,NC1=NN(CC1)c2cccc(c2)C(F)(F)F,1,[0 0 0 ... 0 0 0]
1496,1496,CHEMBL1331627,1.0,Nc1[nH]nc2ccccc12,1,[0 0 0 ... 0 0 0]
2705,2705,CHEMBL2335889,3.04,CC(=O)Nc1ccc(Nc2ncc3cc(ccc3n2)c4ccncc4)cc1,1,[0 0 0 ... 0 0 0]
3603,3603,CHEMBL207881,2.1,OC(=O)CCc1ccc(NCc2cccc(Oc3ccccc3)c2)cc1,1,[0 0 0 ... 0 0 0]
900,900,CHEMBL515839,2.82,CC(C)n1c(C)ncc1c2ccnc(Nc3ccc(cc3)S(=O)(=O)CC4CCCO4)n2,1,[0 1 0 ... 0 0 0]
2441,2441,CHEMBL1123,3.72,CCN(CC)CCOC(=O)C1(CCCCC1)C2CCCCC2,1,[0 0 1 ... 0 0 0]
3519,3519,CHEMBL574413,3.27,Cc1cc(Oc2ccnc(Nc3cccc(c3)N4CCOCC4)c2)c(nc1C)c5ccccn5,1,[0 0 0 ... 0 0 0]
1368,1368,CHEMBL1164165,2.5,[O-][N+](=O)c1ccc(cc1)C2=Nc3ccccc3C(=O)N2,1,[0 0 0 ... 0 0 0]
1535,1535,CHEMBL1890087,3.9,CC(C)Nc1nc(NCc2ccccc2)c3sccc3n1,1,[0 1 0 ... 0 0 0]
3485,3485,CHEMBL2207663,2.37,Cc1cc(Cl)ccc1OC2CCN(C[C@H](O)CNC(=O)C3=CNC(=O)C=C3C(F)(F)F)CC2,1,[0 1 0 ... 0 0 0]
3707,3707,CHEMBL118973,3.8,Cn1c2ccccc2c3cc(NC(=O)CCc4ccncc4)ccc13,1,[0 0 0 ... 0 0 0]
3593,3593,CHEMBL1088030,2.68,C[C@H](Nc1nc(Nc2ncc(C)s2)cc(n1)N3CCOCC3)c4ncc(F)cn4,1,[0 1 0 ... 0 0 0]
3202,3202,CHEMBL206229,4.42,CC(C)CN1C(=O)N(C)C(=O)c2c(SC(C)C)c(Cc3ccccc3C(F)(F)F)sc12,1,[0 1 0 ... 0 0 0]
3257,3257,CHEMBL9967,-0.49,CN1CCN(CC(=O)N2c3ccccc3C(=O)Nc4cccnc24)CC1,0,[0 0 0 ... 0 0 0]
1949,1949,CHEMBL63323,1.0,OC(=O)c1cccnc1Nc2cccc(c2)C(F)(F)F,1,[0 0 0 ... 0 0 0]
1351,1351,CHEMBL225519,1.49,O=C1NCCc2[nH]c(cc12)c3ccncc3,1,[0 0 0 ... 0 0 0]
3580,3580,CHEMBL2144949,1.69,c1ccc2c(c1)nnn2c3ccncc3,1,[0 0 0 ... 0 0 0]
217,217,CHEMBL205807,2.35,CC(C)CN1C(=O)N(C)C(=O)c2c1sc(Cc3c[nH]c4ccccc34)c2C(=O)N5CC[C@@H](O)C5,1,[0 1 0 ... 0 0 0]
2131,2131,CHEMBL2147032,3.24,O=C1COC2(CCN(CC2)S(=O)(=O)c3ccc(cc3)c4ccc5cccnc5c4)CN1C6CC6,1,[0 0 0 ... 0 0 0]
1936,1936,CHEMBL587723,3.97,CCN1CCN(Cc2ccc(cc2)c3cc4c(N[C@H](C)c5ccccc5)ncnc4[nH]3)CC1,1,[0 1 0 ... 0 0 0]
716,716,CHEMBL61946,2.3,CCN(CC)CCOC(=O)C1(CCCC1)c2ccccc2,1,[0 0 0 ... 0 0 0]
1881,1881,CHEMBL258313,3.56,C[C@@H](Oc1cccc2ncnc(Nc3ccc(OCc4ccccn4)c(Cl)c3)c12)C(=O)N(C)CCO,1,[0 1 0 ... 0 0 0]
996,996,CHEMBL122617,2.5,Oc1cccc2ccccc12,1,[0 0 0 ... 0 0 0]
1043,1043,CHEMBL72,1.24,CNCCCN1c2ccccc2CCc3ccccc13,1,[0 0 0 ... 0 0 0]
1256,1256,CHEMBL2158841,2.98,OC(=O)[C@H](Cc1ccc(F)cc1)N2CCC(CN3CCC(CC3)Oc4ccc(Cl)c(Cl)c4)CC2,1,[0 1 0 ... 0 0 0]
3671,3671,CHEMBL419951,3.55,CC(C)n1c2ccccc2c3cc(NC(=O)N4CCOCC4)ccc13,1,[0 1 0 ... 0 0 0]
3967,3967,CHEMBL642,-0.27,CCCC(=O)Nc1ccc(OCC(O)CNC(C)C)c(c1)C(=O)C,1,[0 1 0 ... 0 0 0]
1649,1649,CHEMBL1762527,3.18,COc1ccc(C)c(c1)N(C)c2ccnc(Nc3cc(cc(c3)N4CCOCC4)N5CCOCC5)n2,1,[0 0 0 ... 0 0 0]
4158,4158,CHEMBL2158824,2.31,OC(=O)c1ccc(cc1)N2CCC(CN3CCC(CC3)Oc4ccc(Cl)c(Cl)c4)CC2,1,[0 0 0 ... 0 0 0]
1625,1625,CHEMBL1807821,1.09,O[C@@H](CNCCCOCCOCCc1ccccc1)c2ccc(O)c3NC(=O)Sc23,1,[0 1 0 ... 0 0 0]
2066,2066,CHEMBL1086377,3.05,CCN1CCN(CC(=O)Nc2ccc(c3cccc4C(=O)C=C(Oc34)N5CCOCC5)c6sc7ccccc7c26)CC1,1,[0 0 0 ... 0 0 0]
2017,2017,CHEMBL2062584,2.72,COC(=O)CCn1cc(c2cc(NC3CC3)n4ncc(C#N)c4n2)c5cc(NC(=O)C)ccc15,1,[0 0 0 ... 0 0 0]
3643,3643,CHEMBL31354,3.0,COc1ccccc1N2CCN(CCN(C(=O)C3CCCCC3)c4ccccn4)CC2,1,[0 0 1 ... 0 0 0]
599,599,CHEMBL1916280,0.66,CCC(C)NC(=O)c1c(C)nn(c1NS(=O)(=O)c2ccc(C)cc2)c3ccccc3,1,[0 1 0 ... 0 0 0]
3002,3002,CHEMBL1829251,2.15,CCC(N(CCCN)C(=O)c1ccc(C)cc1)C2=Nc3ccsc3C(=O)N2Cc4ccc(OC)cc4,1,[0 1 0 ... 0 0 0]
42,42,CHEMBL578288,2.91,NC(=NC#N)c1sc(Nc2ccccc2)nc1N,1,[0 0 0 ... 0 0 0]
989,989,CHEMBL1535688,-0.84,Cc1ccc(OCC(=O)O)c(c1)n2nc3ccccc3n2,0,[0 0 0 ... 0 0 0]
2966,2966,CHEMBL320971,1.44,Cc1ncsc1CCOCCCS(=O)(=O)CCNCCc2ccc(O)c3nc(O)sc23,1,[0 0 0 ... 0 0 0]
4142,4142,CHEMBL2177613,0.64,CCCSc1c(cnn1c2ccc(cc2)C(=O)O)C(=O)NC3CCCCC3,1,[0 0 1 ... 0 0 0]
1872,1872,CHEMBL1290185,0.24,Cc1nc(cs1)C(=O)N2CCCC3(CCN(Cc4ccccc4)CC3)C2,1,[0 0 0 ... 0 0 0]
4108,4108,CHEMBL1418512,1.49,CC(C)N(C(C)C)c1nnc(N)s1,1,[0 1 0 ... 0 0 0]
2036,2036,CHEMBL2158770,2.26,OC(=O)[C@H](Cc1cccc(c1)C#N)N2CCC(CN3CCC(CC3)Oc4ccc(Cl)c(Cl)c4)CC2,1,[0 1 0 ... 0 0 0]
1385,1385,CHEMBL1420171,1.74,Cc1ccc2c(c1)c(Sc3ccccc3)c(CC(=O)O)n2C,1,[0 0 0 ... 0 0 0]
3909,3909,CHEMBL386996,3.06,CC(C)Oc1cc(OCCN2CCN(CC2)C(=O)C)cc3ncnc(Nc4c(F)ccc5OCOc45)c13,1,[0 1 0 ... 0 0 0]
3377,3377,CHEMBL1172929,1.69,C[C@H]1NC(C)(C)CO[C@]1(O)c2cccc(Cl)c2,1,[0 0 0 ... 0 1 0]
4083,4083,CHEMBL1669158,2.8,CCOc1cc(ccc1NC(=O)CN2CCOCC2)c3cccc4C(=O)C=C(Oc34)N5CCOCC5,1,[0 0 0 ... 0 0 0]
3804,3804,CHEMBL1824605,2.66,O=C(Nc1ccccc1)c2ccc(OCCCN3CCCC3)cc2OCc4ccccc4C#N,1,[0 0 0 ... 0 0 0]
3155,3155,CHEMBL558,0.62,CC(N)COc1c(C)cccc1C,1,[0 1 0 ... 0 0 0]
1952,1952,CHEMBL549620,2.93,OCCN1CCN(Cc2ccc3c(NC(=O)CC45CC6CC(CC(C6)C4)C5)c(Cl)ccc3n2)CC1,1,[0 0 0 ... 0 0 0]
991,991,CHEMBL1718949,3.7,CC1=C(Cc2ccccc2)C(=O)n3nc(NCc4ccc(Cl)cc4)nc3N1,1,[0 0 0 ... 0 0 0]
825,825,CHEMBL69863,2.11,Oc1cc(O)cc(\C=C\c2ccc(O)c(O)c2)c1,1,[0 0 0 ... 0 0 0]
803,803,CHEMBL364069,0.7,O=C(N[C@H]1CN2CCC1CC2)c3ccc(s3)c4ccccn4,1,[0 0 0 ... 0 0 0]
70,70,CHEMBL2010834,2.8,CNC(=O)c1ccc(CC(=O)N(C)C2CCN(Cc3ccc(cc3)C(F)(F)F)CC2)cc1,1,[0 0 0 ... 0 0 0]
4091,4091,CHEMBL2036588,3.2,Fc1cccc(Nc2oc(nn2)C(=O)Nc3ccc(nc3)N4CCOCC4)c1,1,[0 0 0 ... 0 0 0]
2254,2254,CHEMBL1630130,2.9,O=C(CCN1CCCCC1)Nc2ccc(C3=CC=CN4C(=O)C=C(N=C34)N5CCOCC5)c6sc7ccccc7c26,1,[0 0 1 ... 0 0 0]
1991,1991,CHEMBL1682833,2.4,CS(=O)(=O)N1CCOc2cc(COc3ccccc3)cnc12,1,[0 0 0 ... 0 0 0]
1073,1073,CHEMBL1092926,1.86,Fc1cc(cc(F)c1CN2CCOCC2)c3cccc4ncc(nc34)c5cnn(c5)C6CCNCC6,1,[0 0 0 ... 0 0 0]
192,192,CHEMBL398295,3.97,CCCSc1nc(N[C@@H]2C[C@H]2c3ccccc3)c4nnn([C@@H]5C[C@H](O)[C@@H](O)[C@H]5O)c4n1,1,[0 0 0 ... 0 0 0]
214,214,CHEMBL2059864,3.19,Cc1cnc([nH]1)c2ccc(C)c(NC(=O)c3ccc(OCc4ccccn4)cc3)c2,1,[0 0 0 ... 0 0 0]
3541,3541,CHEMBL245180,3.7,CNc1nc2nc(SCc3cccc(F)c3F)nc(N[C@H](C)CO)c2s1,1,[0 1 0 ... 0 0 0]
898,898,CHEMBL1824040,0.37,CC(=O)c1ccc2OCC(=O)N(CCN3CCC(CC3)NCc4ccc5OCC(=O)Nc5n4)c2c1,1,[0 0 0 ... 0 0 0]
3053,3053,CHEMBL2153302,2.81,CCCOc1nc(ccc1C(=O)NC2CCCCC2)N3CCC[C@@H](CC(=O)O)C3,1,[0 0 1 ... 0 0 0]
2108,2108,CHEMBL2163584,3.12,Brc1cccc2c3CN(CCc3[nH]c12)C(=O)[C@@H]4CCCC[C@H]4C(=O)NC5(CC5)C#N,1,[0 0 1 ... 0 0 0]
530,530,CHEMBL365903,2.3,NC(=O)c1cc(O)cc2nc(oc12)c3ccc(O)cc3,1,[0 0 0 ... 0 0 0]
2751,2751,CHEMBL16293,3.29,c1ccc2ccccc2c1,1,[0 0 0 ... 0 0 0]
3379,3379,CHEMBL2178940,1.4,Cc1nc(C)c(nc1C(=O)N)c2ccc(cc2)[C@@H]3CC[C@@H](Cc4nnn[nH]4)CC3,1,[0 0 0 ... 0 0 0]
3061,3061,CHEMBL567508,1.84,NC(=O)c1c(N)sc2CCCCc12,1,[0 0 0 ... 0 0 0]
1712,1712,CHEMBL424620,0.68,CC(C)C(NC(=O)CN1C(=O)C(=CC=C1c2ccccc2)NC(=O)Cc3cccc(c3)C(=O)O)C(=O)C(F)(F)F,1,[0 1 0 ... 0 0 0]
4185,4185,CHEMBL438,-0.51,Cc1ccnc(NS(=O)(=O)c2ccc(N)cc2)n1,0,[0 0 0 ... 0 0 0]
1869,1869,CHEMBL1230122,2.76,CN1C(=O)C(=Cc2cnc(NC3CCOCC3)nc12)Oc4ccc(F)cc4F,1,[0 0 0 ... 0 0 0]
3529,3529,CHEMBL327693,2.62,C[C@@](O)(C(=O)Nc1ccc(cc1Cl)C(=O)N2CCCCC2)C(F)(F)F,1,[0 0 1 ... 0 0 0]
3763,3763,CHEMBL2170994,2.5,Nc1ncnc2c1ncn2[C@@H]3O[C@H](CSCCCNC(=O)Nc4ccc(Cl)cc4)[C@@H](O)[C@H]3O,1,[0 0 0 ... 0 0 0]
1379,1379,CHEMBL257027,2.75,C[C@H](CO)Nc1nc(SCc2ccccc2)nc3NC(=O)Nc13,1,[0 1 0 ... 0 0 0]
1303,1303,CHEMBL218677,3.1,COc1cc2ncnc(Nc3cccc(Cl)c3F)c2cc1OC4CCN(CC(=O)N)CC4,1,[0 0 0 ... 0 0 0]
2627,2627,CHEMBL1576801,3.43,Cc1ccc(cc1)C(=O)C2CCN(CC2)C(=O)c3ccc(C)cc3,1,[0 0 0 ... 0 0 0]
1230,1230,CHEMBL2012204,2.88,Cc1onc(c1)[C@H](O)[C@](C)(OCc2ccc(cc2)c3ccccc3)C(=O)NO,1,[0 1 0 ... 0 0 0]
2526,2526,CHEMBL1910654,3.25,N[C@H](CNC(=O)c1cc2c(cccc2[nH]1)c3ccccc3Cc4ccccc4)C(=O)O,1,[0 1 0 ... 0 0 0]
3806,3806,CHEMBL2031238,2.43,CN1CCN(CC1)c2ccc3N=CN(C(=O)c3c2)c4cc(NC(=O)c5cocc5)ccc4C,1,[0 0 0 ... 0 0 0]
88,88,CHEMBL1650728,2.6,COc1cc(Nc2nc(N[C@@H](C)c3ncc(F)cn3)ncc2Br)n[nH]1,1,[0 1 0 ... 0 0 0]
2917,2917,CHEMBL1881943,2.36,NC(=O)C1=CN(Cc2ccc(Cl)cc2Cl)C(=O)C=C1,1,[0 0 0 ... 0 0 0]
3627,3627,CHEMBL1620331,2.65,CCOc1ccc(cc1)c2cnc3CCCn23,1,[0 0 0 ... 0 0 0]
1652,1652,CHEMBL1762530,2.94,CN(c1ccnc(Nc2cc(cc(c2)N3CCOCC3)N4CCOCC4)n1)c5cc(CO)ccc5C,1,[0 0 0 ... 0 0 0]
2272,2272,CHEMBL11334,2.63,CC(C)C(NC(=O)CN1C(=O)C(=CN=C1C(C)C)NC(=O)OCc2ccccc2)C(=O)C(F)(F)F,1,[0 1 0 ... 0 0 0]
148,148,CHEMBL1945035,1.58,O[C@@H](CNCCc1ccccc1CNCCc2ccccc2F)c3ccc(O)c4NC(=O)Sc34,1,[0 1 0 ... 0 0 0]
31,31,CHEMBL2010845,3.3,CN([C@@H]1CCN(Cc2ccc(cc2)C(F)(F)F)C[C@@H]1F)C(=O)Cc3ccc(cc3)n4cnnn4,1,[0 0 0 ... 0 0 0]
481,481,CHEMBL6399,0.9,CN(C)c1cccc2c(cccc12)S(=O)(=O)Nc3cnccn3,1,[0 0 0 ... 0 0 0]
3795,3795,CHEMBL2086674,3.0,C[C@@H]1CN(CCN1c2ncc(OCc3ccc(cn3)S(=O)(=O)C)cn2)C(=O)OC(C)(C)C,1,[0 0 0 ... 0 0 0]
3342,3342,CHEMBL278078,1.0,CCN(CC)C(=O)c1ccc(cc1)C(=C2CCNCC2)c3ccccc3OC,1,[0 0 0 ... 0 0 0]
3798,3798,CHEMBL2153185,1.79,CCCSc1nc(Oc2ccc(CC(=O)O)cc2)ccc1C(=O)NC3CCCCC3,1,[0 0 1 ... 0 0 0]
836,836,CHEMBL2207660,3.66,Cc1c(Cl)ccc(OC2CCN(C[C@H](O)CNC(=O)c3c[nH]nc3C(F)(F)F)CC2)c1Cl,1,[0 1 0 ... 0 0 0]
3004,3004,CHEMBL2177603,1.15,CC(C)c1c(cnn1c2ccc(cc2)C(=O)O)C(=O)NC3C4CC5CC(CC3C5)C4,1,[0 1 0 ... 0 0 0]
1765,1765,CHEMBL2177602,0.9,CCc1c(cnn1c2ccc(cc2)C(=O)O)C(=O)NC3C4CC5CC(CC3C5)C4,1,[0 0 0 ... 0 0 0]
861,861,CHEMBL1222443,2.07,CC1=CC2=NNC(=O)N2c3cc(ccc13)c4occc4,1,[0 0 0 ... 0 0 0]
4099,4099,CHEMBL1508,1.48,CN(C)CCC[C@]1(OCc2cc(ccc12)C#N)c3ccc(F)cc3,1,[0 0 0 ... 0 0 0]
3121,3121,CHEMBL897,0.03,CCCN(CCC)S(=O)(=O)c1ccc(cc1)C(=O)O,1,[0 0 0 ... 0 0 0]
1691,1691,CHEMBL1223815,2.39,Cc1ccc(CN2[C@@H]3CC[C@H]2C[C@H](C3)Oc4cccc(c4)C(=O)N)s1,1,[0 0 0 ... 0 0 0]
3420,3420,CHEMBL442995,3.8,Cc1c(c2ccc(O)cc2)n(C)c3ccc(O)cc13,1,[0 0 0 ... 0 0 0]
3689,3689,CHEMBL336546,1.8,FC(F)(F)c1cc(NC(=O)c2cnc(Cl)nc2C(F)(F)F)cc(c1)C(F)(F)F,1,[0 0 0 ... 0 0 0]
1471,1471,CHEMBL266922,2.05,CCCSc1nc(N[C@@H]2C[C@H]2c3ccccc3)c4nnn([C@@H]5C[C@@H]([C@@H](O)[C@H]5O)C(=O)N)c4n1,1,[0 0 0 ... 0 0 0]
3234,3234,CHEMBL459236,3.89,CCN1C(=O)C=Cc2cc(COc3cc(F)cc(c3)C4(CCOCC4)OC)ccc12,1,[0 0 0 ... 0 0 0]
1129,1129,CHEMBL198758,2.76,CCN(C1CCN(CCC(c2ccccc2)c3ccc(cc3)C#N)CC1)C(=O)Cc4ccc(cc4)S(=O)(=O)C,1,[0 1 0 ... 0 0 0]
3365,3365,CHEMBL14121,2.93,COc1ccc(CN2C(=O)NC3=C(C=C(N(CC(=O)NC(C(C)C)C(=O)C(F)(F)F)C3=O)c4ccccc4)C2=O)cc1,1,[0 1 0 ... 0 0 0]
1109,1109,CHEMBL277148,2.54,Oc1cc(nc2ccccc12)c3ccccc3,1,[0 0 0 ... 0 0 0]
1328,1328,CHEMBL367556,0.66,NC1=NC2(CCN(CC2)C(=O)c3ccc(cc3)C#N)Nc4cccc(F)c14,1,[0 0 0 ... 0 0 0]
185,185,CHEMBL1682940,3.17,CC[C@H](NC(=O)c1c(c(nc2ccccc12)c3ccccc3)S(=O)(=O)C)c4ccccc4,1,[0 1 0 ... 1 0 0]
555,555,CHEMBL201307,2.89,COc1cc2c(Nc3ncc(CC(=O)Nc4cccc(F)c4)s3)ncnc2cc1OCCCN5CCC(CO)CC5,1,[0 0 0 ... 0 0 0]
2717,2717,CHEMBL2331743,1.96,CC1=CN([C@H]2CCCN(C2)S(=O)(=O)c3ccc(C(=O)N)c(Oc4cccc(Cl)c4)c3)C(=O)NC1=O,1,[0 0 0 ... 0 0 0]
2146,2146,CHEMBL515062,2.77,CC(C)Oc1cc(Nc2nc(N[C@@H](C)c3ccc(F)cn3)nc(OC(CO)CO)c2Cl)n[nH]1,1,[0 1 0 ... 0 0 0]
2708,2708,CHEMBL1257578,2.44,Cc1ccc(CN2[C@@H]3CC[C@H]2C[C@@H](C3)Oc4cccc(c4)C(=O)N)s1,1,[0 0 0 ... 0 0 0]
2198,2198,CHEMBL2179285,-0.25,CC1=CN([C@H]2CCCN(C2)[C@H](CC3CCOCC3)c4ccc(C(=O)O)c(Oc5cccc(Cl)c5)c4)C(=O)NC1=O,1,[0 1 0 ... 0 0 0]
3880,3880,CHEMBL1703687,3.4,Fc1ccc(NC(=S)N2CCC(CC2)C(=O)c3ccc(F)cc3)cc1,1,[0 0 0 ... 0 0 0]
1362,1362,CHEMBL1644,-0.86,CC1=C(N2[C@H](SC1)[C@H](NC(=O)[C@H](N)c3ccc(O)cc3)C2=O)C(=O)O,0,[0 1 0 ... 0 0 0]
499,499,CHEMBL2331752,2.35,CC1=CN([C@H]2CCCN(C2)S(=O)(=O)c3ccc(O)c(Oc4cc(F)cc(Cl)c4)c3)C(=O)NC1=O,1,[0 0 0 ... 0 0 0]
3354,3354,CHEMBL1829246,1.81,CCC(N(CCCN)C(=O)c1ccc(C)cc1)C2=Nc3ccsc3C(=O)N2Cc4ccccc4,1,[0 1 0 ... 0 0 0]
1898,1898,CHEMBL515854,2.56,COCCS(=O)(=O)c1ccc(Nc2nccc(n2)c3cnc(C)n3C(C)C)cc1,1,[0 1 0 ... 0 0 0]
768,768,CHEMBL1683033,1.99,CCOc1cc2nnc(C(=O)N)c(Nc3cccc(Cl)c3F)c2cc1N4CCN(C)CC4,1,[0 0 0 ... 0 0 0]
2768,2768,CHEMBL1950856,2.92,CN[C@@H](C)C(=O)N[C@H](C(=O)N[C@H]1CCCN(CCc2ccc(Br)cc2)C1)C(C)(C)C,1,[0 1 0 ... 0 0 0]
2155,2155,CHEMBL381055,3.73,Fc1ccc(cc1)C(=O)N2CCC[C@@H](C2)c3onc(n3)c4ccc(F)cc4,1,[0 0 0 ... 0 0 0]
663,663,CHEMBL519422,2.53,CCn1c(C)ncc1c2ccnc(Nc3ccc(cc3)C(=O)NC)n2,1,[0 0 0 ... 0 0 0]
1813,1813,CHEMBL188167,3.35,COc1cc2ncnc(Nc3cc(NC(=O)c4ccnc(c4)N5CCOCC5)ccc3C)c2cc1OCCN6CCCCC6,1,[0 0 1 ... 0 0 0]
720,720,CHEMBL425300,2.9,Cc1cnc(NC(=O)Cc2ccccc2)s1,1,[0 0 0 ... 0 0 0]
1341,1341,CHEMBL1524763,3.1,Fc1ccc(cc1)c2cn3ccccc3n2,1,[0 0 0 ... 0 0 0]
3301,3301,CHEMBL1191,-1.33,Cc1nnc(NS(=O)(=O)c2ccc(N)cc2)s1,0,[0 0 0 ... 0 0 0]
3727,3727,CHEMBL2325729,2.4,NC1(CCN(CC1)c2ncnc3[nH]ccc23)C(=O)N[C@@H](CCN4CCCCC4)c5ccc(Cl)cc5,1,[0 1 1 ... 0 0 0]
1068,1068,CHEMBL1946616,1.98,CN1CCN(CC1)C(=O)c2ccc(cc2)C(=C3CCN(Cc4cscn4)CC3)c5cccc6cccnc56,1,[0 0 0 ... 0 0 0]
3809,3809,CHEMBL2087855,3.43,Cn1cc(cc1c2c3C(=O)N(CC#CCn4cncn4)C(=O)N(CC5CC5)c3nn2Cc6ccnc7ccc(Cl)cc67)C#N,1,[1 0 0 ... 0 0 0]
4056,4056,CHEMBL1779006,1.71,COc1cc(F)ccc1c2cc(CNC3CCCC3)ccn2,1,[0 0 0 ... 0 0 0]
2115,2115,CHEMBL1945299,0.91,COc1ccccc1CNCCc2cccc(CCNC[C@H](O)c3ccc(O)c4NC(=O)Sc34)c2,1,[0 1 0 ... 0 0 0]
918,918,CHEMBL1536083,4.03,CCOC(=O)CN(c1ccccc1C)S(=O)(=O)c2ccc(Cl)cc2,1,[0 0 0 ... 0 0 0]
453,453,CHEMBL2062571,2.24,CC(=O)Nc1ccc2ccn(c3cc(NC4COC4)n5ncc(C#N)c5n3)c2c1,1,[0 0 0 ... 0 0 0]
2642,2642,CHEMBL214798,2.72,COc1cc2ncnc(Nc3cccc(Cl)c3F)c2cc1OC4CCN(C)CC4,1,[0 0 0 ... 0 0 0]
1504,1504,CHEMBL1518,0.7,CCCC1=CC(=O)NC(=S)N1,1,[0 0 0 ... 0 0 0]
302,302,CHEMBL2325726,1.7,CNC(=O)c1cc(c2nc(cc(n2)C3(CC3)S(=O)(=O)C)N4CCOCC4)c5cc[nH]c5c1,1,[0 0 1 ... 0 0 0]
2861,2861,CHEMBL1078411,1.3,N[C@@H](Cc1cccs1)C(=O)N[C@@]2(C[C@@H]2c3ccccc3)C#N,1,[0 1 0 ... 0 0 0]
1254,1254,CHEMBL183492,3.6,C=CCN(C1CCN(CCC(c2ccccc2)c3ccccc3)CC1)C(=O)Nc4ccccc4,1,[0 1 0 ... 0 0 0]
1804,1804,CHEMBL1623850,1.6,CC(=O)N1CCN(CC(O)COc2ccc(Br)cc2)CC1,1,[0 1 0 ... 0 0 0]
286,286,CHEMBL198114,1.84,CCN(C1CCN(CCC(c2ccccc2)c3ccc(NS(=O)(=O)C)cc3)CC1)C(=O)Cc4ccc(cc4)S(=O)(=O)C,1,[0 1 0 ... 0 0 0]
1,1,CHEMBL1951080,-1.18,COc1cc(OC)c(cc1NC(=O)CSCC(=O)O)S(=O)(=O)N2C(C)CCc3ccccc23,0,[0 0 0 ... 0 0 0]
1118,1118,CHEMBL1224286,1.93,CNC(=O)c1cccc(O[C@H]2C[C@H]3CC[C@@H](C2)N3Cc4ccccc4)c1,1,[0 0 0 ... 0 0 0]
2287,2287,CHEMBL2321999,1.95,Clc1ccc(cc1Cl)[C@@H]2CNCC=CC2,1,[0 0 0 ... 0 0 0]
3250,3250,CHEMBL114868,2.43,CC(C)C(NC(=O)CN1C(=O)C(=CC=C1c2ccccc2)NS(=O)(=O)c3cccc(NC(=O)C)c3)C(=O)C(F)(F)F,1,[0 1 0 ... 0 0 0]
520,520,CHEMBL465305,2.21,CC(=O)c1ccc(nc1)N2CCN(CC2)S(=O)(=O)C[C@]34CC[C@H](CC3=O)C4(C)C,1,[0 0 0 ... 0 0 0]
842,842,CHEMBL1458496,2.98,Clc1cccc(C(=O)N2CCN(CC2)c3ccccn3)c1Cl,1,[0 0 0 ... 0 0 0]
4006,4006,CHEMBL2059859,3.24,Cc1ccc(cc1NC(=O)c2ccc(OCc3ccccn3)cc2)c4nc5ccccc5[nH]4,1,[0 0 0 ... 0 0 0]
2072,2072,CHEMBL2208430,3.91,O[C@H](CNC(=O)c1c[nH]c2ccccc12)CN3CCC(CC3)Oc4ccc(Cl)c(Cl)c4,1,[0 1 0 ... 0 0 0]
2297,2297,CHEMBL1643194,2.62,Cc1cc(CN2Cc3ccccc3C2C(=O)Nc4ccc(Cl)cc4Cl)ccc1OCC(=O)O,1,[0 0 0 ... 0 0 0]
536,536,CHEMBL1915315,2.9,Oc1ccc(cc1)C2=Cc3ccc(O)cc3OC2=O,1,[0 0 0 ... 0 0 0]
1618,1618,CHEMBL1431736,2.2,CC(NC(=O)c1cc(O)nc2ccccc12)c3ccccc3,1,[0 1 0 ... 0 0 0]
408,408,CHEMBL1917455,2.28,Cc1c(Oc2ccc(Cl)cc2)c3cc(ccc3n1CC(=O)O)C(F)(F)F,1,[0 0 0 ... 0 0 0]
773,773,CHEMBL2346974,3.2,CC(=O)N1CCN(CCOc2ccc(cc2)C3CCN(CC3)c4ccc5nnc(n5n4)C(F)(F)F)CC1,1,[0 0 0 ... 0 0 0]
223,223,CHEMBL2164670,3.57,COc1ccccc1C(NC(=O)[C@@H]2CCCC[C@H]2C(=O)N3CCN(Cc4ccc(F)cc4)CC3)C#N,1,[0 1 0 ... 0 0 0]
4176,4176,CHEMBL11084,0.68,CC(C)C(NC(=O)CN1C(=O)C(=CN=C1c2cccs2)N)C(=O)C(F)(F)F,1,[0 1 0 ... 0 0 0]
2219,2219,CHEMBL1896037,3.41,OC(CN1CCCCC1)(C(=O)c2ccccc2)c3ccccc3,1,[0 0 1 ... 0 0 0]
567,567,CHEMBL1449167,1.06,Nc1n[nH]c(Nc2ccccc2)n1,1,[0 0 0 ... 0 0 0]
2024,2024,CHEMBL103771,4.12,C\N=C(/S)\n1nc(nc1N)c2ccc(Cl)cc2,1,[0 0 0 ... 0 0 0]
651,651,CHEMBL521851,3.3,CS(=O)(=O)N1CCN(Cc2cc3nc(nc(N4CCOCC4)c3s2)c5cccc6[nH]ncc56)CC1,1,[0 0 0 ... 0 0 0]
4140,4140,CHEMBL512607,0.58,CC(C)(C)C(=O)N[C@H]1CCCCNC1=O,1,[0 0 0 ... 0 0 0]
1646,1646,CHEMBL3545252,3.4,O.O.O.CC(=O)O[C@@]12CO[C@@H]1C[C@H](O)[C@]3(C)[C@@H]2[C@H](OC(=O)c4ccccc4)[C@]5(O)C[C@H](OC(=O)[C@H](O)[C@@H](NC(=O)OC(C)(C)C)c6ccccc6)C(=C([C@@H](O)C3=O)C5(C)C)C,1,[0 1 0 ... 0 0 0]
4104,4104,CHEMBL26,-1.2,CCN1CCCC1CNC(=O)c2cc(ccc2OC)S(=O)(=O)N,0,[0 0 0 ... 0 0 0]
3787,3787,CHEMBL474200,2.68,CNC1=Nc2ncccc2C(=NC1c3cccs3)c4ccccc4,1,[0 0 0 ... 0 0 0]
1070,1070,CHEMBL1459983,3.7,COc1ccc(cc1)n2cnc3cc(NS(=O)(=O)c4ccccc4)ccc23,1,[0 0 0 ... 0 0 0]
3179,3179,CHEMBL1431859,1.13,NC(=O)c1cccnc1Oc2ccccc2,1,[0 0 0 ... 0 0 0]
3538,3538,CHEMBL2158790,2.98,Cc1c(Cl)c(Cl)ccc1OC2CCN(CC3CCN(CC3)[C@@](C)(Cc4ccc(F)cc4)C(=O)O)CC2,1,[0 0 0 ... 0 0 0]
1906,1906,CHEMBL1789274,0.87,CNCC[C@@H](Oc1cc(OC)ccc1C#N)c2ccccc2,1,[0 1 0 ... 0 0 0]
1127,1127,CHEMBL564366,1.18,Cc1ccc2nc(CCNCCCO)ccc2c1NC(=O)CC34CC5CC(CC(C5)C3)C4,1,[0 0 0 ... 0 0 0]
1526,1526,CHEMBL482000,3.22,COc1cc2ncc(C(=O)N)c(Nc3ccc(F)c(Cl)c3)c2cc1OC,1,[0 0 0 ... 0 0 0]
1245,1245,CHEMBL1489473,3.62,O=C(Nc1nc(cs1)c2ccccc2)c3cccnc3,1,[0 0 0 ... 0 0 0]
4024,4024,CHEMBL1508646,3.78,Cc1ccc(cc1)c2nnc(N3CCN(CC3)C(=O)c4occc4)c5ccccc25,1,[0 0 0 ... 0 0 0]
3616,3616,CHEMBL377772,2.64,COc1cc2ncnc(Nc3cccc(Cl)c3F)c2cc1CN4CCC[C@H]4CC(=O)N,1,[0 0 0 ... 0 0 0]
3700,3700,CHEMBL2158051,1.82,CN[C@@H](C)C(=O)N[C@H]1CN(CC[C@H]2CC[C@H](N2C1=O)C(=O)NC(c3ccccc3)c4ccccc4)C(=O)CC(C)C,1,[0 1 0 ... 1 0 0]
4014,4014,CHEMBL2152915,3.8,CO[C@@H]1CC[C@@]2(CC1)Cc3ccc(cc3C24N=C(C)C(=N4)N)c5cc(Cl)cc(c5)C#N,1,[0 0 0 ... 0 0 0]
1907,1907,CHEMBL1688537,2.62,CCc1c(C)nc2sc(C(=O)N)c(N)c2c1C,1,[1 0 0 ... 0 0 0]
2530,2530,CHEMBL1565348,3.7,CCCc1c(cnn1c2ccccc2)C(=O)Nc3cc(C)on3,1,[0 0 1 ... 0 0 0]
514,514,CHEMBL28636,2.8,COc1ccc(cc1F)c2cc(nn2c3ccc(cc3)S(=O)(=O)N)C(F)F,1,[0 1 0 ... 0 0 0]
538,538,CHEMBL1508448,-0.2,CC(C)(C)c1cc(O)n2nc(N)nc2n1,1,[0 0 0 ... 0 0 0]
1290,1290,CHEMBL187392,3.4,Oc1ccc(cc1)c2oc3ccc(O)cc3n2,1,[0 0 0 ... 0 0 0]
3571,3571,CHEMBL341876,0.61,O=S(=O)(NCCNc1ncccn1)c2cccc3cnccc23,1,[0 0 0 ... 0 0 0]
2075,2075,CHEMBL1311211,2.3,O=C(CN1CCN(CC1)c2ccccc2)Nc3c(cnn3c4ccccc4)C#N,1,[0 0 0 ... 0 0 0]
1275,1275,CHEMBL1054,0.37,NS(=O)(=O)c1cc2c(NC(NS2(=O)=O)C(Cl)Cl)cc1Cl,1,[0 1 0 ... 0 0 0]
3492,3492,CHEMBL1778618,-1.08,OC(=O)COc1ccc(cc1c2ccccc2)C#N,0,[0 0 0 ... 0 0 0]
3619,3619,CHEMBL194102,2.7,OC(=O)c1ccc(NC(=O)c2cc(OCc3ccccc3)cc(OCc4ccccc4)c2)nc1,1,[0 0 0 ... 0 0 0]
224,224,CHEMBL182150,3.13,CN(C)c1nc(N[C@@H]2CC[C@@H](CC2)NC(=O)c3ccc(F)c(F)c3)nc4ccccc14,1,[0 0 0 ... 0 0 0]
1931,1931,CHEMBL232830,3.07,CN(C)C(=O)CN1C(=O)C(Cc2ccccc12)NC(=O)c3cc4cc(Cl)sc4[nH]3,1,[0 0 0 ... 0 1 0]
1095,1095,CHEMBL149434,2.1,CCc1c(C(=O)C(=O)N)c2c(OCC(=O)N)cccc2n1Cc3ccccc3,1,[0 0 0 ... 0 0 0]
2621,2621,CHEMBL1775161,1.19,OC(=O)c1cn(Cc2ccccc2)c3ccccc13,1,[0 0 0 ... 0 0 0]
3088,3088,CHEMBL578675,2.01,COc1cnc(nc1NC(C)C)c2ccccn2,1,[0 1 0 ... 0 0 0]
2823,2823,CHEMBL141157,1.75,CCOC(=O)\C=C\[C@H](C[C@@H]1CCNC1=O)NC(=O)[C@H](CC#C)N2C=CC=C(NC(=O)c3cc(C)on3)C2=O,1,[0 1 0 ... 0 0 0]
2243,2243,CHEMBL1624560,2.36,COc1cc(CNc2nc3ccccc3[nH]2)cc(OC)c1OC,1,[0 0 0 ... 0 0 0]
1464,1464,CHEMBL505610,3.4,C(=C\c1c(nc2sccn12)c3ccccc3)/c4ccncn4,1,[0 0 0 ... 0 0 0]
1583,1583,CHEMBL179877,2.4,CCN(C1CCN(CCC(c2ccccc2)c3ccccc3)CC1)C(=O)Cc4ccc(cc4)S(=O)(=O)N,1,[0 1 0 ... 0 0 0]
3879,3879,CHEMBL218006,3.1,C[C@H](NC1=NC(=O)[C@](C)(S1)C(F)(F)F)c2ccccc2F,1,[0 1 0 ... 0 0 0]
661,661,CHEMBL1783285,2.75,COc1cc(c(OC)nn1)c2c(F)ccc3c(N)c(nnc23)C(=O)NC4CC4,1,[0 0 0 ... 0 0 0]
326,326,CHEMBL1889452,2.11,CC1N(C(=O)c2ccccc2)c3ccccc3NC1=O,1,[0 0 0 ... 0 0 0]
3621,3621,CHEMBL402548,2.0,CO[C@@H](C(=O)N1Cc2n[nH]c(NC(=O)c3ccc(cc3)N4CCN(C)CC4)c2C1)c5ccccc5,1,[0 1 0 ... 0 0 0]
85,85,CHEMBL133501,2.01,Fc1cc(cc(F)c1C2=CCN(CC2)C=O)N3C[C@H](COc4ccon4)OC3=O,1,[0 0 0 ... 0 0 1]
3286,3286,CHEMBL1223528,2.13,CC1=CC2=NNC(=O)N2c3cc(ccc13)c4cn[nH]c4,1,[0 0 0 ... 0 0 0]
1380,1380,CHEMBL2335882,2.65,COCCN(C)Cc1ccc(Nc2ncc3cc(ccc3n2)c4ccncc4)cc1,1,[0 0 0 ... 0 0 0]
3606,3606,CHEMBL185328,3.1,Cc1ccc(NC(=O)c2ccnc(c2)N3CCOCC3)cc1Nc4ccnc(Cl)n4,1,[0 0 0 ... 0 0 0]
1160,1160,CHEMBL70824,2.16,CN(C)CCCN(C)S(=O)(=O)c1ccc(Nc2nccc(n2)c3cnc4ccccn34)cc1,1,[0 0 0 ... 0 0 0]
1943,1943,CHEMBL2207662,2.71,O[C@H](CNC(=O)C1=CNC(=O)C=C1C(F)(F)F)CN2CCC(CC2)Oc3ccc(Cl)c(Cl)c3,1,[0 1 0 ... 0 0 0]
2948,2948,CHEMBL2035033,2.0,NC1(CCC1)c2ccc(cc2)c3c(ccn4ccnc34)c5ccccc5,1,[0 0 0 ... 0 0 0]
311,311,CHEMBL741,1.38,Nc1nnc(c(N)n1)c2cccc(Cl)c2Cl,1,[0 0 0 ... 0 0 0]
117,117,CHEMBL1499868,4.48,CC(C(Cc1nc2ccccc2[nH]1)c3nc4ccccc4[nH]3)c5ccccc5,1,[0 1 0 ... 0 0 0]
1220,1220,CHEMBL1374798,-0.5,COc1cccc(COCC(O)CN2CCC(CC2)C(=O)N)c1,0,[0 1 0 ... 0 0 0]
253,253,CHEMBL212777,1.59,Cc1ccc2c(c1)c(c(C)n2CC(=O)O)c3ccnc4cc(Cl)ccc34,1,[0 0 0 ... 0 0 0]
1491,1491,CHEMBL2048873,1.56,N[C@@H]1CCCN(C1)c2c(\C=C\3/SC(=O)NC3=O)cccc2c4ccncc4,1,[0 0 0 ... 0 0 0]
1242,1242,CHEMBL550496,1.94,OC(=O)CNCCNc1ccc(Cl)c(c1)C(=O)NCC23CC4CC(CC(C4)C2)C3,1,[0 0 0 ... 0 0 0]
2707,2707,CHEMBL1818381,0.22,OC(=O)C1=CN(C2CC2)c3cc(N4CCN(CC4)C(=O)CC[N+](=O)[O-])c(F)cc3C1=O,1,[0 0 0 ... 0 0 0]
3577,3577,CHEMBL282625,2.2,NC(=N)c1cc2c(\C=C\c3ccc4OCOc4c3)cccc2s1,1,[0 0 0 ... 0 0 0]
2901,2901,CHEMBL455467,2.1,CC(C)n1c(C)ncc1c2ccnc(Nc3ccc(cc3)C(=O)N4CCN(C)CC4)n2,1,[0 1 0 ... 0 0 0]
2666,2666,CHEMBL2177110,0.7,CCCSc1c(cnn1c2cccc(c2)C(=O)O)C(=O)NC3CCCCC3,1,[0 0 1 ... 0 0 0]
3704,3704,CHEMBL51697,2.11,CN1C[C@@H](c2ccccc2)c3cccc(N)c3C1,1,[0 0 0 ... 0 0 0]
2497,2497,CHEMBL2070938,1.3,O=C(NC1(CC1)C#N)[C@@H]2CCCC[C@H]2C(=O)N3CCN(CC3)c4nccs4,1,[0 0 1 ... 0 0 0]
1069,1069,CHEMBL588001,0.79,CC1(C)N=C(N)N=C(N)N1c2ccc(Oc3ccc(Cl)cc3)c(Cl)c2,1,[0 0 0 ... 0 0 0]
3336,3336,CHEMBL2036587,2.9,O=C(Nc1ccc(nc1)N2CCOCC2)c3oc(Nc4ccccc4)nn3,1,[0 0 0 ... 0 0 0]
2230,2230,CHEMBL227897,2.5,O=C(Cc1ccccc1)Nc2nccs2,1,[0 0 0 ... 0 0 0]
582,582,CHEMBL20,-0.78,CC(=O)Nc1nnc(s1)S(=O)(=O)N,0,[0 0 0 ... 0 0 0]
684,684,CHEMBL1683934,2.16,O[C@@H](CNCCCCCCCCCN1CCC(CC1)OC(=O)Nc2ccccc2c3ccccc3)c4ccc(O)c5NC(=O)C=Cc45,1,[0 1 0 ... 0 0 0]
1656,1656,CHEMBL336399,0.78,OC(=O)c1cc2ccccc2n1Cc3ccccc3,1,[0 0 0 ... 0 0 0]
381,381,CHEMBL481563,3.87,Cc1ccc(NC(=O)c2cccc(c2)C(F)(F)F)cc1NC(=O)c3ccc4ncccc4c3,1,[0 0 0 ... 0 0 0]
1505,1505,CHEMBL1417095,0.6,O=C1N2CCOC2=Nc3ccccc13,1,[0 0 0 ... 0 0 0]
1654,1654,CHEMBL478240,3.0,CCCCSc1nc(N)c2ncn(Cc3c(F)ccc(C)c3F)c2n1,1,[0 0 0 ... 0 0 0]
3850,3850,CHEMBL2036754,2.54,Clc1ccc(NC(=O)N2CCN(C[C@@H]3CCCN(CC4CC4)C3)CC2)cc1Cl,1,[0 0 0 ... 0 0 0]
3722,3722,CHEMBL59925,0.85,Cc1cc(C)nc(N)c1,1,[0 0 0 ... 0 0 0]
971,971,CHEMBL2152074,1.54,Nc1cc(nc2ccc(Nc3cc(nc(N)n3)c4ccc(cc4)C(F)(F)F)cc12)c5ccc(F)cc5,1,[0 0 0 ... 0 0 0]
4192,4192,CHEMBL1779007,2.6,COc1cc(F)ccc1c2cncc(CNC3CCCCC3)c2,1,[0 0 1 ... 0 0 0]
2720,2720,CHEMBL1458783,1.75,Nc1nccc(n1)c2cccs2,1,[0 0 0 ... 0 0 0]
3515,3515,CHEMBL643,2.67,CC(CN1c2ccccc2Sc3ccccc13)N(C)C,1,[0 1 0 ... 0 0 0]
3016,3016,CHEMBL484304,0.87,COc1ccccc1CNC(=O)NS(=O)(=O)c2ccc(Cl)cc2,1,[0 0 0 ... 0 0 0]
2843,2843,CHEMBL279200,0.68,C(Oc1cccc2ccccc12)C3=NCCN3,1,[0 0 0 ... 0 0 0]
840,840,CHEMBL2362258,1.31,ON=Cc1oc(cc1)[N+](=O)[O-],1,[0 0 0 ... 0 0 0]
3170,3170,CHEMBL1255834,0.48,CC(N)Cc1c[nH]c2ccc(OCc3cccs3)cc12,1,[0 1 0 ... 0 0 0]
3992,3992,CHEMBL2179284,1.83,CC1=CN([C@H]2CCCN(C2)[C@H](CC3CCCCC3)c4ccc(C(=O)O)c(Oc5cccc(Cl)c5)c4)C(=O)NC1=O,1,[0 1 1 ... 0 0 0]
4125,4125,CHEMBL2059866,2.54,Cc1ccc(cc1NC(=O)c2ccc(OCc3ccccn3)cc2)c4cn(C)cn4,1,[0 0 0 ... 0 0 0]
3609,3609,CHEMBL1945041,1.85,O[C@@H](CNCCc1cccc(CNCc2ccccc2Cl)c1)c3ccc(O)c4NC(=O)Sc34,1,[0 1 0 ... 0 0 0]
2584,2584,CHEMBL1933594,1.42,C[C@H]1O[C@H]([C@H](O)[C@@H]1O)n2cnc3c(N)nc(OCC4CC(F)(F)C4(F)F)nc23,1,[0 0 0 ... 1 0 0]
3982,3982,CHEMBL172066,2.75,Cc1sc(N)nc1c2ccccc2,1,[0 0 0 ... 0 0 0]
1962,1962,CHEMBL564885,0.6,Clc1c(NCC2CCNCC2)nccc1C(=O)NCC34CC5CC(CC(C5)C3)C4,1,[0 0 0 ... 0 0 0]
2523,2523,CHEMBL810,-1.08,CN1N=Nc2c(ncn2C1=O)C(=O)N,0,[0 0 0 ... 0 0 0]
3984,3984,CHEMBL1927345,2.09,Cc1ccc(\C=C(/C#N)\C(=O)N)cc1,1,[0 0 0 ... 0 0 0]
2048,2048,CHEMBL17771,1.85,O=S1NC(=NO1)Cc2ccc3ccccc3c2,1,[0 0 0 ... 0 0 0]
871,871,CHEMBL20210,2.8,CCOC(=O)\C=C\[C@H](C[C@@H]1CCNC1=O)NC(=O)[C@@H](CC(=O)[C@@H](NC(=O)c2cc(C)on2)C(C)C)Cc3ccc(F)cc3,1,[0 1 0 ... 0 0 0]
298,298,CHEMBL74582,3.07,C[C@@](O)(C(=O)Nc1ccc(cc1Cl)S(=O)(=O)NCC=C)C(F)(F)F,1,[0 0 0 ... 0 0 0]
3573,3573,CHEMBL2169920,2.23,Oc1ccc(CCNCCN(C2CCCCC2)C(=O)CCNCCc3ccc(Cl)c(Cl)c3)c4OCC(=O)Nc14,1,[0 0 1 ... 0 0 0]
1621,1621,CHEMBL1485846,3.42,Oc1oc(c2ccccc2)c(n1)c3ccccc3,1,[0 0 0 ... 0 0 0]
666,666,CHEMBL256322,0.95,CCNCc1cnc(s1)c2ccc(cc2)C(=O)Nc3ccccc3N,1,[0 0 0 ... 0 0 0]
1554,1554,CHEMBL2325710,1.1,O=S(=O)(C1CCNCC1)C2(CC2)c3cc(nc(n3)c4cccc5[nH]ccc45)N6CCOCC6,1,[0 0 1 ... 0 0 0]
3167,3167,CHEMBL2011931,1.71,COc1ccc(cc1)c2nc3c(NCCCNC(=O)C4CC4)c(Br)cnc3[nH]2,1,[0 0 0 ... 0 0 0]
2858,2858,CHEMBL2347404,3.2,Fc1cccc(COc2ccc(Nc3ncnc4ccc(cc34)c5cccc(c5)N6CCOCC6)cc2Cl)c1,1,[0 0 0 ... 0 0 0]
2067,2067,CHEMBL510101,2.55,COc1ccc(CNCc2ccc(cc2)c3cc(C(=O)N)c(NC(=O)N)s3)cc1,1,[0 0 0 ... 0 0 0]
938,938,CHEMBL1917418,2.18,Cc1ccc2c(c1)c(Sc3ccc(Cl)cc3)c(C)n2CC(=O)O,1,[0 0 0 ... 0 0 0]
2682,2682,CHEMBL400964,2.11,CN1C[C@H](c2ccccc2)c3cccc(N)c3C1,1,[0 0 0 ... 0 0 0]
1733,1733,CHEMBL2086654,3.2,CC(C)(C)OC(=O)N1CCN(CC1)c2ccc(OCc3ccc(cc3)S(=O)(=O)C)cn2,1,[0 0 0 ... 0 0 0]
868,868,CHEMBL631,1.72,CCCNCC(O)COc1ccccc1C(=O)CCc2ccccc2,1,[0 1 0 ... 0 0 0]
1494,1494,CHEMBL1368601,3.3,OC(=O)c1ccc2cccc(O)c2n1,1,[0 0 0 ... 0 0 0]
1012,1012,CHEMBL113187,2.38,CC(C)C(NC(=O)CN1C(=O)C(=CC=C1c2ccccc2)NC(=O)OCc3cc(C)nc(C)c3)C(=O)C(F)(F)F,1,[0 1 0 ... 0 0 0]
4094,4094,CHEMBL1399574,2.1,CCOc1ccc(NC(=O)CCc2c(C)nc3nc(C)nn3c2C)cc1,1,[0 0 0 ... 0 0 0]
3908,3908,CHEMBL365458,3.37,Oc1cccc2nc(cc(O)c12)c3ccccc3,1,[0 0 0 ... 0 0 0]
2087,2087,CHEMBL1437137,2.5,CC(N)(COP(=O)(O)O)C(=O)O,1,[0 0 0 ... 0 0 0]
4078,4078,CHEMBL2036760,4.06,FC(F)(F)c1ccc(NC(=O)N2CCN(C[C@@H]3CCCN(C3)C4CC4)CC2)cc1Cl,1,[0 0 0 ... 0 0 0]
1544,1544,CHEMBL2324776,1.15,Fc1cc(Oc2ccc(cc2c3ccnnc3)C(F)(F)F)c(Cl)cc1S(=O)(=O)Nc4nncs4,1,[0 0 0 ... 0 0 0]
1005,1005,CHEMBL1087399,2.26,C[C@H](Nc1nc(Nc2ncc(C#N)s2)cc(n1)N3CCOCC3)c4ncc(F)cn4,1,[0 1 0 ... 0 0 0]
2909,2909,CHEMBL1241,1.28,CN(C)CCN(Cc1ccccc1)c2ccccn2,1,[0 0 0 ... 0 0 0]
3539,3539,CHEMBL2036731,3.1,O=C(Nc1ccc(nc1)N2CCOCC2)c3oc(Nc4cccc(OCc5ccccn5)c4)nn3,1,[0 0 0 ... 0 0 0]
917,917,CHEMBL1682810,3.8,CN1CCOc2nc(ccc12)C#Cc3ccccc3,1,[0 0 0 ... 0 0 0]
690,690,CHEMBL1778653,2.77,CCS(=O)(=O)c1ccc(c(C)c1)c2cc(ccc2OCC(=O)N)C(F)(F)F,1,[0 0 0 ... 0 0 0]
501,501,CHEMBL1917419,2.87,Cc1c(Sc2ccc(Cl)cc2)c3cc(Cl)ccc3n1CC(=O)O,1,[0 0 0 ... 0 0 0]
202,202,CHEMBL1180299,1.1,Clc1ccc2C(=O)C3=C(Nc2c1)C(=O)NN(Cc4ccccn4)C3=O,1,[0 0 0 ... 0 0 0]
1001,1001,CHEMBL1242565,1.66,C[C@H](N)C(=O)N[C@@H](CCc1ccccc1)\C=C\S(=O)(=O)c2ccccc2,1,[0 1 0 ... 0 0 0]
3589,3589,CHEMBL196516,2.97,Clc1ccc(cc1)c2c[nH]nn2,1,[0 0 0 ... 0 0 0]
2318,2318,CHEMBL1294,2.21,COc1ccc2nccc([C@H](O)[C@H]3C[C@@H]4CCN3C[C@@H]4C=C)c2c1,1,[0 1 0 ... 0 1 0]
3387,3387,CHEMBL1950732,2.12,CN[C@@H](C)C(=O)N[C@@H](C1CCCCC1)C(=O)N[C@H]2CCCCN(Cc3ccccc3)C2,1,[0 1 1 ... 0 0 0]
914,914,CHEMBL554169,1.02,Cc1ccc(OC(=O)N2CCN3CCC2CC3)cc1,1,[0 0 0 ... 0 0 0]
1515,1515,CHEMBL1222330,-1.1,CC(C)(C)OC(=O)N[C@@H](Cc1ccccc1)C(=O)O,0,[0 1 0 ... 0 0 0]
1487,1487,CHEMBL562690,1.56,Clc1cnc(OC2CCNCC2)cc1C(=O)NCC34CC5CC(CC(C5)C3)C4,1,[0 0 0 ... 0 0 0]
576,576,CHEMBL2153304,2.28,CCCN(C)c1nc(ccc1C(=O)NC2CCCCC2)N3CCC[C@@H](CC(=O)O)C3,1,[0 0 1 ... 0 0 0]
3832,3832,CHEMBL1271081,3.16,CS(=O)(=O)c1cccc(Nc2nccc(n2)N(CC#N)c3c(Cl)ccc4OCOc34)c1,1,[0 0 0 ... 0 0 0]
3708,3708,CHEMBL1645496,2.27,OC(c1ccccc1)c2ccc3C(=O)C=C(Nc3c2)c4cccnc4,1,[0 1 0 ... 0 0 0]
57,57,CHEMBL1916269,0.36,CCC(CC)NC(=O)c1cnn(C)c1NS(=O)(=O)c2ccc(C)cc2,1,[0 1 0 ... 0 0 0]
712,712,CHEMBL1715893,-1.4,CC1CC(CN)CC(CO)C1,0,[0 0 0 ... 0 0 0]
415,415,CHEMBL2031563,0.29,Fc1cc(C(=O)Nc2cccc(c2)c3nnn[nH]3)c4nc[nH]c4c1,1,[0 0 0 ... 0 0 0]
248,248,CHEMBL1467,-0.42,O=C1NC=Nc2[nH]ncc12,0,[0 0 0 ... 0 0 0]
170,170,CHEMBL8809,1.09,CCN1CCC[C@H]1CNC(=O)c2c(O)c(Cl)cc(Cl)c2OC,1,[0 0 0 ... 1 0 0]
668,668,CHEMBL1209430,3.23,Clc1cc(Cl)cc(CS(=O)(=O)NCC(N2CCCCCC2)c3ccccc3)c1,1,[0 1 1 ... 0 0 0]
308,308,CHEMBL1939749,2.32,CCOC(=O)Nc1cccc(c1)[C@H](N2CCN(Cc3nc[nH]c3C)CC2)c4ccc(cc4)C(=O)N(C)CC,1,[0 1 0 ... 0 0 0]
1065,1065,CHEMBL601719,2.33,C[C@@H](Oc1cc(cnc1N)c2cnn(c2)C3CCNCC3)c4c(Cl)ccc(F)c4Cl,1,[0 1 0 ... 0 0 0]
3774,3774,CHEMBL522460,2.68,Cc1ccccc1CN2CCC(CC2)N3CCC(CC3)N4C(=O)Nc5ccccc45,1,[0 0 0 ... 0 1 0]
1475,1475,CHEMBL40,0.05,CCC1(C(=O)NC(=O)NC1=O)c2ccccc2,1,[0 0 0 ... 0 0 0]
3732,3732,CHEMBL352576,2.5,CC(=O)NCc1ccc(CN2CCN(CC2)c3ccc(F)cc3F)cc1,1,[0 0 0 ... 0 0 0]
1754,1754,CHEMBL1916266,0.27,CCC(CC)NC(=O)c1cnn(c1NS(=O)(=O)c2ccc(C)cc2)c3ccccn3,1,[0 1 0 ... 0 0 0]
1567,1567,CHEMBL486232,3.4,CC(C)C[C@H](NC(=O)N1CCOCC1)C(=O)N[C@@H](CCc2ccccc2)\C=C\S(=O)(=O)c3ccccc3,1,[0 1 0 ... 0 0 0]
1855,1855,CHEMBL888,-1.5,NC1=NC(=O)N(C=C1)[C@@H]2O[C@H](CO)[C@@H](O)C2(F)F,0,[0 0 0 ... 0 0 0]
896,896,CHEMBL1809062,3.2,COc1cc(ccc1Nc2ncc(Cl)c(n2)c3cnc4ccccn34)N5CCN(CCO)CC5,1,[0 0 0 ... 0 0 0]
3921,3921,CHEMBL450470,2.81,COc1ccc(N(C(C(=O)NC2CCCC2)c3ccccc3F)C(=O)C)c(OC)c1,1,[0 1 0 ... 0 0 0]
979,979,CHEMBL8953,3.38,COc1cc(cc(OC)c1OC)C(=O)c2cc(Cl)ccc2N,1,[0 0 0 ... 0 0 0]
4184,4184,CHEMBL1623092,2.69,NCC(O)(c1ccc(Cl)cc1)c2ccc(Cl)cc2,1,[0 0 0 ... 0 0 0]
1708,1708,CHEMBL187845,3.58,Clc1ccccc1CNC(=O)c2ccccc2Oc3ccccc3,1,[0 0 0 ... 0 0 0]
1363,1363,CHEMBL900,1.47,CN(C)CCOC(c1ccccc1)c2ccccc2C,1,[0 1 0 ... 0 0 0]
2193,2193,CHEMBL576257,2.51,C[C@H](Nc1nc(Nc2cc(C)[nH]n2)cnc1C#N)c3ccc(F)cn3,1,[0 1 0 ... 0 0 0]
982,982,CHEMBL1070,3.06,COc1ccc2cc(CCC(=O)C)ccc2c1,1,[0 0 0 ... 0 0 0]
3596,3596,CHEMBL2035017,3.6,NC1(CCC1)c2ccc(cc2)c3nc4ccccc4cc3c5ccccc5,1,[0 0 0 ... 0 0 0]
977,977,CHEMBL1871428,0.82,Oc1ncc(NCc2ccccc2)c(O)n1,1,[0 0 0 ... 0 0 0]
2031,2031,CHEMBL589,0.76,CCCN(CCC)CCc1cccc2NC(=O)Cc12,1,[0 0 0 ... 0 0 0]
1732,1732,CHEMBL517140,1.45,CNC(=O)c1ccc(Oc2ccc3CCN(CCc3c2)C4CCC4)nc1,1,[0 0 0 ... 0 0 0]
452,452,CHEMBL1209658,2.71,Fc1ccc(cc1C#N)S(=O)(=O)NCC(N2CCCCCC2)c3ccccc3,1,[0 1 1 ... 0 0 0]
3526,3526,CHEMBL469008,3.2,CN1C(=O)N(CC2CC2)c3nn(Cc4ccnc5ccc(Cl)cc45)c(c6cc(oc6C)S(=O)(=O)C)c3C1=O,1,[0 0 0 ... 0 0 0]
2847,2847,CHEMBL1513,1.29,CCCCC1=NC2(CCCC2)C(=O)N1Cc3ccc(cc3)c4ccccc4c5nn[nH]n5,1,[0 0 0 ... 0 0 0]
1473,1473,CHEMBL2322001,1.64,C1NCC(CC=C1)c2ccc3ccccc3c2,1,[0 0 0 ... 0 0 0]
2301,2301,CHEMBL2335908,3.11,COc1cc2nc(Nc3ccc(cc3)[C@@H](C)NC(=O)C)ncc2cc1c4ccncc4,1,[0 1 0 ... 0 0 0]
3944,3944,CHEMBL1890574,1.33,OC(=O)c1[nH]c2ccccc2c1CC(=O)Nc3cccc(c3)C(F)(F)F,1,[1 0 0 ... 0 0 0]
3535,3535,CHEMBL1184160,2.8,CC(O)C(C)OC(=O)[C@@H]1CC2C(Cc3cn(C(C)C)c4cccc2c34)N(C)C1,1,[0 1 0 ... 0 0 0]
457,457,CHEMBL453053,1.22,NC(=O)Nc1sc(cc1C(=O)N)c2ccc(CNC3CCCC3)cc2,1,[0 0 0 ... 0 0 0]
3124,3124,CHEMBL469728,2.18,COc1ccc(N(C(C(=O)NC[C@@H](C)O)c2ccccc2F)C(=O)c3occc3Cl)c(OC)c1,1,[0 1 0 ... 0 0 0]
3512,3512,CHEMBL1467518,1.72,OC(c1ccccc1)c2cccnc2,1,[0 1 0 ... 0 0 0]
104,104,CHEMBL1502799,2.02,FC(F)c1nc2ccccc2[nH]1,1,[0 1 0 ... 0 0 0]
34,34,CHEMBL1796293,2.57,O=C(NCc1ccncc1)c2ccc(Oc3ccccc3C#N)cc2,1,[0 0 0 ... 0 0 0]
559,559,CHEMBL464552,2.61,CNC(=O)c1c(F)cccc1Nc2nc(Nc3cc4N(CCc4cc3OC)C(=O)CN(C)C)nc5[nH]ccc25,1,[0 0 1 ... 0 0 0]
3600,3600,CHEMBL513909,3.14,CC[C@H]1N(C2CCCC2)c3nc(Nc4ccc(cc4OC)C(=O)NC5CCN(C)CC5)ncc3N(C)C1=O,1,[0 0 0 ... 1 0 0]
2194,2194,CHEMBL2062563,3.29,CC(=O)Nc1ccc2ccn(c3cc(NC4CC4)n5ncc(C#N)c5n3)c2c1,1,[0 0 0 ... 0 0 0]
517,517,CHEMBL1835918,2.62,Cc1onc(n1)c2ccc(OCC3CN(C3)c4ccc(C)nn4)cc2,1,[0 0 0 ... 0 0 0]
2012,2012,CHEMBL2030806,0.52,CNc1cccc(CCOc2ccc(C[C@H](NC(=O)c3c(C)cc(C)cc3C)C(=O)O)cc2)n1,1,[0 1 0 ... 0 0 0]
1501,1501,CHEMBL1934417,0.78,COCCC(C)n1nc(C)c(C(=O)N[C@@H](C)C(C)(C)C)c1NS(=O)(=O)c2ccc(C)cc2,1,[0 1 0 ... 0 0 0]
545,545,CHEMBL562310,3.28,O=C(Nc1cccc2cccnc12)c3ccc(cc3)N4C(=O)[C@@H]5[C@H]6C[C@H](C=C6)[C@@H]5C4=O,1,[0 0 0 ... 0 0 0]
1367,1367,CHEMBL2331742,-1.28,CC1=CN([C@H]2CCCN(C2)S(=O)(=O)c3ccc(C(=O)O)c(Oc4cccc(Cl)c4)c3)C(=O)NC1=O,0,[0 0 0 ... 0 0 0]
639,639,CHEMBL62746,0.36,NC(=N)c1ccc(cc1)C(=O)N2CCN(CC2)S(=O)(=O)c3ccc4cc(Br)ccc4c3,1,[0 0 0 ... 0 0 0]
751,751,CHEMBL22033,1.8,COc1cc(ccc1Cn2ncc3ccc(NC(=O)OC4CCCC4)cc23)C(=O)NS(=O)(=O)c5ccccc5,1,[0 0 0 ... 0 1 0]
3572,3572,CHEMBL1783112,1.6,COc1ccc2nc(C)cc(c2c1)n3cc(CNC(=O)C)nn3,1,[0 0 0 ... 0 0 0]
3101,3101,CHEMBL1231533,2.8,FC1(F)Oc2ccc(\C=C\3/SC(=O)NC3=O)cc2O1,1,[0 0 0 ... 0 0 0]
1285,1285,CHEMBL1957361,3.0,CCOc1ccccc1c2ccc(cc2)c3nc4ccncc4c(O)c3C#N,1,[0 0 0 ... 0 0 0]
1082,1082,CHEMBL612012,0.8,COc1ccc2CC3C4C=CC(O)C5Oc1c2C45CCN3C,1,[0 0 0 ... 0 0 0]
3660,3660,CHEMBL1080786,1.5,N[C@@H](Cc1cccs1)C(=O)N[C@]2(C[C@H]2c3ccccc3)C#N,1,[0 1 0 ... 0 0 0]
935,935,CHEMBL518760,2.52,COc1cc2ncc(C(=O)N)c(Nc3ccc(F)cc3F)c2cc1NCCN4CCCCC4,1,[0 0 1 ... 0 0 0]
3749,3749,CHEMBL403702,3.5,C[C@H](CO)Nc1nc(SCc2cccc(F)c2F)nc3ncc(C)nc13,1,[0 1 0 ... 0 0 0]
683,683,CHEMBL1562923,2.5,Cc1ccc(cc1)n2c(C)cc(C(=O)NS(=O)(=O)c3ccc(C)cc3)c2C,1,[0 0 0 ... 0 0 0]
553,553,CHEMBL2068881,3.92,COc1ccc(c(C)n1)c2cccc3c(N)c4C(=O)N(Cc4nc23)C5CCC5,1,[0 0 0 ... 0 0 0]
1850,1850,CHEMBL1730736,3.0,CC(C)(NC(=O)c1sccc1Oc2ccc(F)cc2[N+](=O)[O-])C#C,1,[0 0 0 ... 0 0 0]
1002,1002,CHEMBL2031168,0.07,CN1CCNc2nc(CCOc3ccc(C[C@H](NC(=O)c4c(Cl)cccc4Cl)C(=O)O)cc3)ccc12,1,[0 1 0 ... 0 0 0]
352,352,CHEMBL2361579,2.8,Cc1cc2cc(C)c3nnc(SCC(=O)N4CCN(CC4)C(=O)c5occc5)n3c2cc1C,1,[0 0 0 ... 0 0 0]
2478,2478,CHEMBL2207281,2.06,OCCNS(=O)(=O)c1ccc2C(=CNC(=O)c2c1)C(=O)NC[C@@H](O)CN3CCC(CC3)Oc4ccc(Cl)c(Cl)c4,1,[0 1 0 ... 0 1 0]
1892,1892,CHEMBL162203,4.1,Cc1cccc(n1)c2nc3cc(Cl)ccc3[nH]2,1,[0 0 0 ... 0 0 0]
1835,1835,CHEMBL1946019,2.79,CCN(C)C(=O)c1ccc(cc1)C(=C2CCN(Cc3ccc(F)cc3)CC2)c4ccccc4NC(=O)C,1,[0 0 0 ... 0 0 0]
2776,2776,CHEMBL2031233,2.17,CN1CCN(CC1)c2ccc3N=CN(C(=O)c3c2)c4cc(NC(=O)C5CC5)ccc4C,1,[0 0 0 ... 0 0 0]
2299,2299,CHEMBL13923,1.74,CC(C)C(NC(=O)CN1C(=O)C(=CC=C1c2ccccc2)N)C(=O)C(F)(F)F,1,[0 1 0 ... 0 0 0]
895,895,CHEMBL2059910,1.58,CNC(=O)Nc1nc2ccc(cn2n1)c3cncc(c3)S(=O)(=O)NC(C)(C)C,1,[0 0 0 ... 0 0 0]
1418,1418,CHEMBL211175,2.55,CCN(C1CCN(CC[C@H](c2ccc(cc2)S(=O)(=O)C)c3cc(F)c(F)c(F)c3)CC1)C(=O)Cc4ccc(cc4)S(=O)(=O)C,1,[0 1 0 ... 0 0 0]
483,483,CHEMBL303714,0.4,NCc1nc2ccccc2[nH]1,1,[0 0 0 ... 0 0 0]
1736,1736,CHEMBL1631467,2.79,CCCNC(=O)c1nnc2c(cccc2c1N)c3cncc(c3)C(=O)N4CCC4,1,[0 0 0 ... 0 0 0]
3491,3491,CHEMBL1289779,2.52,CCc1cc2C(=NCc3nnc(C)n3c2s1)c4ccccc4Cl,1,[0 0 0 ... 0 0 0]
829,829,CHEMBL2163583,2.99,Cc1cccc2c3CN(CCc3[nH]c12)C(=O)[C@@H]4CCCC[C@H]4C(=O)NC5(CC5)C#N,1,[0 0 1 ... 0 0 0]
562,562,CHEMBL2158819,2.17,OC(=O)C(N1CCC(CN2CCC(CC2)Oc3ccc(Cl)c(Cl)c3)CC1)c4ccccc4,1,[0 1 0 ... 0 0 0]
685,685,CHEMBL2011924,2.63,CNc1c(Cl)cnc2[nH]c(nc12)c3ccc(OCCN4CCOCC4)cc3,1,[0 0 0 ... 0 0 0]
1428,1428,CHEMBL1917431,0.54,Cc1c(Sc2ccc(Cl)cc2)c3cc(ccc3n1CC(=O)O)S(=O)(=O)C,1,[0 0 0 ... 0 0 0]
2480,2480,CHEMBL177611,0.6,Clc1ccc(cc1)C(=O)N[C@H]2CN3CCC2CC3,1,[0 0 0 ... 0 0 0]
1666,1666,CHEMBL1201236,-0.7,C[C@@](Cc1ccc(O)c(O)c1)(NN)C(=O)O,0,[0 0 0 ... 0 0 0]
2928,2928,CHEMBL268313,3.3,CC12CCC3C(CCC4=CC(=O)CCC34C)C1CCC2O,1,[0 0 0 ... 0 0 0]
3232,3232,CHEMBL14642,2.51,CCCC(=O)C1(CCN(CC1)C(=O)[C@@H](Cc2ccc(OC)cc2)NC(=O)[C@@H](N)Cc3cncn3C)c4ccccc4,1,[0 1 0 ... 0 0 0]
910,910,CHEMBL2315158,1.9,CCCCNc1nc(N)c2NC(=O)N(Cc3ccc(OCCN(C)C)nc3)c2n1,1,[0 0 0 ... 0 0 0]
543,543,CHEMBL2325719,1.7,Cc1ccc2[nH]ccc2c1c3nc(cc(n3)C4(CC4)S(=O)(=O)C)N5CCOCC5,1,[0 0 1 ... 0 0 0]
927,927,CHEMBL878,1.64,CC1Nc2cc(Cl)c(cc2C(=O)N1c3ccccc3C)S(=O)(=O)N,1,[0 1 0 ... 0 0 0]
4035,4035,CHEMBL1209583,4.09,FC(F)(F)Oc1ccccc1S(=O)(=O)NCC(N2CCCCCC2)c3ccccc3,1,[0 1 1 ... 0 0 0]
2728,2728,CHEMBL379828,1.16,COc1ccc2c(c1)c(c(C)n2CC(=O)O)c3ccnc4cc(Cl)ccc34,1,[0 0 0 ... 0 0 0]
1300,1300,CHEMBL239640,2.03,CN1C(=O)CC(C)(CCc2cccc(c2)c3ccccc3)N=C1N,1,[0 0 0 ... 0 0 0]
39,39,CHEMBL339051,2.78,CNC(=O)C1(CCN(CC[C@H](CN(C)C(=O)c2c(OC)c(cc3ccccc23)C#N)c4ccc(Cl)c(Cl)c4)CC1)N5CCCCC5=O,1,[0 1 0 ... 0 0 0]
1185,1185,CHEMBL453629,1.96,CC(C)n1c(C)ncc1c2ccnc(Nc3ccc(C(=O)NCCN(C)C)c(F)c3)n2,1,[0 1 0 ... 0 0 0]
3710,3710,CHEMBL1945042,0.69,O[C@@H](CNCCc1cccc(CNCc2ccccc2F)c1)c3ccc(O)c4NC(=O)Sc34,1,[0 1 0 ... 0 0 0]
398,398,CHEMBL2023801,2.79,CCc1[nH]nc(NC(=O)Cc2ncc(Oc3ccnc4cc(OC)c(OC)cc34)cc2OC)c1C,1,[0 0 0 ... 0 0 0]
965,965,CHEMBL1347379,3.79,Cc1ccc(cc1)C(=O)N2CCC(CC2)C(=O)c3ccc(Cl)cc3,1,[0 0 0 ... 0 0 0]
2058,2058,CHEMBL550687,0.5,NC(=N)Nc1ccc(cc1)C(=O)Oc2ccc(cc2)[N+](=O)[O-],1,[0 0 0 ... 0 0 0]
1553,1553,CHEMBL253969,2.5,NC(=O)c1c(NC(=O)NCCCCN2CCCC2)snc1OCc3c(F)cc(Br)cc3F,1,[0 0 0 ... 0 0 0]
1760,1760,CHEMBL180966,2.86,CN(CC[C@@H](Oc1ccc(cc1)c2ccccc2)c3ccc(F)cc3)CC(=O)O,1,[0 1 0 ... 0 0 0]
1521,1521,CHEMBL1480954,0.91,FC(F)(F)c1nnc2ccc(nn12)n3ccnc3,1,[0 0 0 ... 0 0 0]
735,735,CHEMBL389791,2.83,C[C@@H](O)[C@@H](CO)Nc1nc(SCc2cccc(F)c2F)nc3nc(N)sc13,1,[0 1 0 ... 0 0 0]
3118,3118,CHEMBL1573297,2.34,FC(F)(F)c1nnc2ccc(NCn3nnc4ccccc34)nn12,1,[0 0 0 ... 0 0 0]
1495,1495,CHEMBL1223246,2.77,CC1=CC2=NNC(=O)N2c3cc(ccc13)c4ccc(cc4)C(=O)N5CCOCC5,1,[0 0 0 ... 0 0 0]
1237,1237,CHEMBL1631473,1.21,CC1CN(C1)C(=O)c2nnc3c(cccc3c2N)c4ncccn4,1,[0 0 0 ... 0 0 0]
3937,3937,CHEMBL1631470,2.07,CCCNC(=O)c1nnc2c(c(F)ccc2c1N)c3ncccn3,1,[0 0 0 ... 0 0 0]
2714,2714,CHEMBL2062580,2.94,CC(=O)Nc1ccc2c(c1)c(cn2C)c3cc(NC4CC4)n5ncc(C#N)c5n3,1,[0 0 0 ... 0 0 0]
2698,2698,CHEMBL452464,2.8,CC(C)C[C@@H](CO)NS(=O)(=O)c1ccc(Cl)s1,1,[0 1 0 ... 0 0 0]
1232,1232,CHEMBL2151324,2.97,CC(C)Oc1cc(Nc2nc3c(cc2F)ncn3[C@@H](CO)c4ccc(F)cn4)n[nH]1,1,[0 1 0 ... 1 0 0]
30,30,CHEMBL2325699,2.6,CS(=O)(=O)C1(CC1)c2cc(nc(n2)c3cccc4[nH]ccc34)N5CC6CCC(C5)O6,1,[0 0 1 ... 0 0 0]
3686,3686,CHEMBL586058,2.7,[O-][N+](=O)c1cc(C(=O)NCC=C)c2N=C(Nc3ccc(Cl)c(Cl)c3)NC(=O)c2c1,1,[0 0 0 ... 0 0 0]
3614,3614,CHEMBL497854,3.43,Cc1cc(CNc2ncc(Br)c(Nc3cc([nH]n3)C4CC4)n2)on1,1,[0 0 0 ... 0 0 0]
2668,2668,CHEMBL520734,1.06,NC(=O)Nc1sc(cc1C(=O)N[C@H]2CCCNC2)c3ccsc3,1,[0 1 0 ... 0 0 0]
1916,1916,CHEMBL415247,2.39,CC(C)[C@@H](CN1CC[C@](C)([C@@H](C)C1)c2cccc(O)c2)NC(=O)[C@H]3Cc4ccc(O)cc4CN3,1,[0 1 0 ... 0 0 0]
502,502,CHEMBL2059869,2.71,Cc1ccc(cc1NC(=O)c2ccc(OCc3ccccn3)cc2)c4cn(C)c(C)n4,1,[0 0 0 ... 0 0 0]
2293,2293,CHEMBL398149,2.1,CC(=O)Nc1cccc(Nc2nc(NC3CC3)n4ncc(C#N)c4n2)c1,1,[0 0 0 ... 0 0 0]
2613,2613,CHEMBL1950861,-0.55,CN[C@@H](C)C(=O)N[C@H](C(=O)N[C@H]1CCCN(CCc2ccccn2)C1)C(C)(C)C,0,[0 1 0 ... 0 0 0]
527,527,CHEMBL409494,2.76,Nc1ccccc1NC(=O)c2ccc(cc2)C3CCN(CCC(=O)Nc4ccccc4F)CC3,1,[0 0 0 ... 0 0 0]
3856,3856,CHEMBL1231683,1.24,CC(C)Nc1ccc2cnn(c3cncc(n3)n4ccc(CC(=O)O)c4)c2c1,1,[0 1 0 ... 0 0 0]
1569,1569,CHEMBL1269076,3.36,CC1=C(C(=O)c2cc(O)c(O)c(CCc3ccc(C)cc3)c2C1=O)C4=C(C)C(=O)c5c(CCc6ccc(C)cc6)c(O)c(O)cc5C4=O,1,[0 0 0 ... 0 0 0]
2498,2498,CHEMBL1778622,1.54,CCSc1ccc(cc1)c2cc(ccc2OCC(=O)O)C(F)(F)F,1,[0 0 0 ... 0 0 0]
1530,1530,CHEMBL374023,2.75,CC(C)N1CCN(CC1)C(=O)NCc2ccc(Cl)c(Cl)c2,1,[0 1 0 ... 0 0 0]
3122,3122,CHEMBL418841,1.78,CC(C)C(NC(=O)CN1C(=O)C(=CC=C1c2ccccc2)NC(=O)C)C(=O)C(F)(F)F,1,[0 1 0 ... 0 0 0]
3542,3542,CHEMBL85752,4.36,CC(C)CN1C(=O)N(C)C(=O)c2c(SCCCO)n(Cc3cccc4ccccc34)cc12,1,[0 1 0 ... 0 0 0]
2588,2588,CHEMBL443,-0.56,Cc1onc(NS(=O)(=O)c2ccc(N)cc2)c1,0,[0 0 0 ... 0 0 0]
1761,1761,CHEMBL622,0.49,CCc1cccc2c3CCOC(CC)(CC(=O)O)c3[nH]c12,1,[0 0 0 ... 0 0 0]
4143,4143,CHEMBL193610,2.58,Cc1ccc(cc1)c2c[nH]nn2,1,[0 0 0 ... 0 0 0]
3925,3925,CHEMBL2331750,2.4,CC1=CN([C@H]2CCCN(C2)S(=O)(=O)c3ccc(O)c(Oc4ccc(Cl)c(C)c4)c3)C(=O)NC1=O,1,[0 0 0 ... 0 0 0]
1675,1675,CHEMBL533,1.2,CCCCCCCN(CC)CCCC(O)c1ccc(NS(=O)(=O)C)cc1,1,[0 1 0 ... 0 0 0]
2239,2239,CHEMBL225510,0.54,O=S(=O)(Nc1cccnc1)c2cccs2,1,[0 0 0 ... 0 0 0]
4138,4138,CHEMBL50149,2.6,[O-][N+](=O)c1cccc2C(=O)C(=O)c3ccccc3c12,1,[0 1 0 ... 0 0 0]
3390,3390,CHEMBL2031464,2.25,CN1CCN(CC1)c2ccc3N=CN(C(=O)c3c2)c4cc(ccc4C)C(=O)NC5CCC5,1,[0 0 0 ... 0 0 0]
2231,2231,CHEMBL1956163,3.94,O=C(Nc1cccc2cccnc12)[C@@H]3CC[C@H](CC3)N4C(=O)[C@@H]5[C@@H]6CC[C@@H](C6)[C@@H]5C4=O,1,[0 0 0 ... 0 0 1]
546,546,CHEMBL1233689,1.51,CCCCSc1nc(N)c2ncn([C@@H]3O[C@H](CO)[C@@H](O)[C@H]3O)c2n1,1,[0 0 0 ... 0 0 0]
3439,3439,CHEMBL639,2.46,CN1CCCC(CC1)N2N=C(Cc3ccc(Cl)cc3)c4ccccc4C2=O,1,[0 0 0 ... 0 0 0]
138,138,CHEMBL1373079,2.71,COc1ccc(cc1)C2=CC(=O)c3ccccc3N2,1,[0 0 0 ... 0 0 0]
49,49,CHEMBL1310086,3.47,COc1ccccc1Cn2c(C)nc3ccccc23,1,[0 0 0 ... 0 0 0]
333,333,CHEMBL1682824,3.2,O=C1CCOc2nc(\C=C\c3ccccc3)ccc12,1,[0 0 1 ... 0 0 0]
3630,3630,CHEMBL274567,1.86,CNC1=CN=C(N(CC(=O)NC(C(C)C)C(=O)C(F)(F)F)C1=O)c2ccc(F)cc2,1,[0 1 0 ... 0 0 0]
2396,2396,CHEMBL1164184,3.3,Fc1cnc(NC(=O)C(CC2CCOCC2)c3ccc(cc3)S(=O)(=O)C4CC4)s1,1,[0 1 0 ... 0 0 0]
1920,1920,CHEMBL521248,3.16,COc1cc2ncc(C(=O)N)c(Nc3cc(C)ccc3F)c2cc1OC,1,[0 0 0 ... 0 0 0]
3040,3040,CHEMBL797,0.68,CN1C(=O)CC(C1=O)c2ccccc2,1,[0 0 0 ... 0 0 0]
467,467,CHEMBL376813,2.7,COc1cc(N2CC[C@H](C2)N(C)C)c3NC(=CC(=O)c3c1)C(=O)Nc4ccc(cc4)N5CCOCC5,1,[0 0 0 ... 0 0 0]
841,841,CHEMBL71917,3.5,CC(C)OC(=O)C1=CN(Cc2c(F)cccc2F)c3sc(c(CN(C)Cc4ccccc4)c3C1=O)c5ccc(NC(=O)C(C)C)cc5,1,[0 1 0 ... 0 0 0]
22,22,CHEMBL2179291,3.17,COc1ccc(Oc2cccc(CN3CCCC(C3)N4C=C(C)C(=O)NC4=O)c2)cc1,1,[0 0 0 ... 0 0 0]
3910,3910,CHEMBL1519921,1.3,NC(=O)Cc1nc(cs1)c2ccccc2,1,[0 0 0 ... 0 0 0]
2990,2990,CHEMBL2171035,2.59,Clc1ccc(cc1)S(=O)(=O)NC(=O)N2CCC(CC2)N3CCC(CC3)Oc4ccc(Cl)c(Cl)c4,1,[0 0 0 ... 0 0 0]
521,521,CHEMBL1957840,3.3,Clc1cccc(CN2C=CN3C(=O)C=C(N=C23)N4CCOCC4)c1Cl,1,[0 0 0 ... 0 0 0]
3562,3562,CHEMBL179858,3.5,CN(C)S(=O)(=O)c1ccc(CC(=O)N(C)C2CCN(CCC(c3ccccc3)c4ccccc4)CC2)cc1,1,[0 1 0 ... 0 0 0]
578,578,CHEMBL311862,2.7,COc1cc(ccc1Cn2ccc3ccc(NC(=O)OC4CCCC4)cc23)c5nn[nH]n5,1,[0 0 0 ... 0 0 0]
3241,3241,CHEMBL1200147,3.2,Nc1ncc(cc1c2oc3ccccc3n2)c4cnn(c4)C5CCN(CC5)C(=O)CO,1,[0 0 0 ... 0 0 0]
3461,3461,CHEMBL2035027,3.6,NC1(CCC1)c2ccc(cc2)c3ncc4ccccc4c3c5ccccc5,1,[0 0 0 ... 0 0 0]
2244,2244,CHEMBL31741,2.96,OC1=C(C(=O)Nc2cc(Cl)ccc12)c3cccc(Oc4ccccc4)c3,1,[0 0 0 ... 0 0 0]
1432,1432,CHEMBL2207603,-0.53,COc1cc(OC)c(cc1NC(=O)CCC(=O)O)S(=O)(=O)N2c3ccccc3Oc4ccccc24,0,[0 0 0 ... 0 0 0]
2355,2355,CHEMBL1398535,1.7,Fc1ccccc1C(=O)Nc2c(cnn2c3ccccc3)C#N,1,[0 0 0 ... 0 0 0]
3324,3324,CHEMBL572016,3.3,Cc1cnc([nH]1)c2cc(NC(=O)c3ccc(nc3C)C(F)(F)F)ccc2Cl,1,[0 0 0 ... 0 0 0]
3604,3604,CHEMBL274713,3.87,CCCSc1nc(N[C@@H]2C[C@H]2c3ccccc3)c4nnn([C@@H]5C[C@H](OCCO)[C@@H](O)[C@H]5O)c4n1,1,[0 0 0 ... 0 0 0]
1336,1336,CHEMBL2333993,2.22,COc1cc2ncnc(Nc3ccncc3)c2cc1OC,1,[0 0 0 ... 0 0 0]
1051,1051,CHEMBL291666,3.1,COc1ccc(cc1OC)c2cc(NC(=O)Cc3ccc4ccccc4c3)[nH]n2,1,[0 0 0 ... 0 0 0]
3640,3640,CHEMBL407848,3.21,Cn1c(ccc1c2cc(F)c3NC(=O)C(C)(C)c3c2)C#N,1,[0 0 0 ... 0 0 0]
2635,2635,CHEMBL2087847,3.62,Cn1cncc1c2c3C(=O)N(CC=C)C(=O)N(CC4CC4)c3nn2Cc5ccnc6ccc(Cl)cc56,1,[0 0 0 ... 0 0 0]
23,23,CHEMBL2158823,2.17,OC(=O)c1cccc(c1)N2CCC(CN3CCC(CC3)Oc4ccc(Cl)c(Cl)c4)CC2,1,[0 0 0 ... 0 0 0]
2980,2980,CHEMBL1682947,3.14,CC[C@H](NC(=O)c1c([S+](C)[O-])c(nc2ccccc12)c3cccc(F)c3)c4ccccc4,1,[0 1 0 ... 0 0 0]
405,405,CHEMBL474484,0.7,CC(C)CNc1nc(nc(N2CCNCC2)c1N)C#N,1,[0 1 0 ... 0 0 0]
2916,2916,CHEMBL1944694,0.8,COc1ccccc1CCNCc2ccc(CCNC[C@H](O)c3ccc(O)c4NC(=O)Sc34)cc2,1,[0 1 0 ... 0 0 0]
2888,2888,CHEMBL15770,-0.01,C[S+]([O-])c1ccc(\C=C/2\C(=C(CC(=O)O)c3cc(F)ccc23)C)cc1,1,[0 0 0 ... 0 0 0]
2984,2984,CHEMBL750,0.55,OS(=N)(=O)Cc1noc2ccccc12,1,[0 0 0 ... 0 0 0]
1944,1944,CHEMBL323443,1.01,CC(C)C(NC(=O)CN1C(=O)C(=CC=C1c2ccccc2)NS(=O)(=O)C(F)(F)F)C(=O)C(F)(F)F,1,[0 1 0 ... 0 0 0]
2308,2308,CHEMBL2057336,2.47,Cc1ccc(cc1NC(=O)c2ccc(OCc3ccccn3)cc2)c4ccc(N)nn4,1,[0 1 0 ... 0 0 0]
4180,4180,CHEMBL1477036,2.93,CCCCC(CC)COC(=O)CC(C(=O)OCC(CC)CCCC)S(=O)(=O)O,1,[0 1 0 ... 0 0 0]
4039,4039,CHEMBL436511,3.21,CN1CCC(CC1)Oc2cccc3ncnc(Nc4ccc(OCc5cnccn5)c(Cl)c4)c23,1,[0 0 0 ... 0 0 0]
3248,3248,CHEMBL2207805,4.0,O=C(NCc1occc1)c2ccc3[nH]c(COc4ccc(cc4)C56CC7CC(CC(C7)C5)C6)nc3c2,1,[0 0 0 ... 0 0 0]
482,482,CHEMBL271939,2.4,Oc1ccc(cc1)C2CC(=O)c3ccc(O)cc3O2,1,[0 1 0 ... 0 0 0]
1824,1824,CHEMBL2325703,2.65,CC(C)(c1cc(nc(n1)c2cccc3[nH]ccc23)N4CCOCC4)S(=O)(=O)C,1,[0 0 1 ... 0 0 0]
706,706,CHEMBL1077458,2.91,CC(=O)Nc1ccc(cc1)c2ccnc(Nc3ccc(cc3)N4CCOCC4)n2,1,[0 0 0 ... 0 0 0]
2859,2859,CHEMBL2171044,1.81,Clc1ccc(OC2CCN(CC2)C3CCN(CC3)C(=O)NS(=O)(=O)c4cccc(c4)C#N)cc1Cl,1,[0 0 0 ... 0 0 0]
2688,2688,CHEMBL2059376,2.21,CCNC(=O)c1cc2c(c(cnc2[nH]1)c3cncc(c3)C(=O)NC)n4ccc(n4)C(F)(F)F,1,[0 0 0 ... 0 0 0]
2802,2802,CHEMBL320882,3.38,CN(C(CN1CCCC1)c2ccccc2)C(=O)Cc3ccc(Cl)c(Cl)c3,1,[0 1 0 ... 0 0 0]
704,704,CHEMBL1312533,2.79,CC(=O)NC1CC2CCCC(C1)N2C(=O)Nc3ccc(Cl)c(c3)C(F)(F)F,1,[0 0 0 ... 0 0 0]
648,648,CHEMBL1940296,1.99,CNC(=O)c1ccc(Oc2ccc(cc2)C#C[C@]3(O)CN4CCC3CC4)cc1,1,[0 0 0 ... 0 0 0]
289,289,CHEMBL1682957,3.81,CC[C@H](NC(=O)c1c([S+]([O-])C(C)C)c(nc2ccccc12)c3ccccc3)c4ccccc4,1,[0 1 0 ... 0 0 0]
2348,2348,CHEMBL1762548,3.9,CC(C)N(c1ccnc(Nc2cc(cc(c2)N3CCOCC3)N4CCOCC4)n1)c5cc(CO)ccc5C,1,[0 1 0 ... 0 0 0]
1693,1693,CHEMBL1944693,0.82,COc1ccccc1CCNCc2cccc(CCNC[C@H](O)c3ccc(O)c4NC(=O)Sc34)c2,1,[0 1 0 ... 0 0 0]
2161,2161,CHEMBL595122,2.0,CCS(=O)(=O)c1ccc(Oc2cc3nc([nH]c3cc2CN4C(=O)CCC4=O)c5ccccn5)cc1,1,[0 0 0 ... 0 0 0]
2951,2951,CHEMBL517859,2.17,CN1CCN(CC1)C(=O)c2cc(sc2NC(=O)N)c3ccccc3,1,[0 0 0 ... 0 0 0]
2500,2500,CHEMBL51583,3.1,O=C1C(=O)c2cc(ccc2c3ccccc13)c4ccsc4,1,[0 1 0 ... 0 0 0]
634,634,CHEMBL1626156,2.98,OCCNCc1cc(Br)ccc1OCc2ccc(Cl)cc2,1,[0 0 0 ... 0 0 0]
295,295,CHEMBL2078873,1.32,NC(=O)Nc1cc(sc1C(=O)N[C@H]2CCCNC2)c3cccc(F)c3F,1,[0 0 0 ... 0 0 0]
61,61,CHEMBL1412343,2.7,Cc1ccccc1NC(=O)CCS(=O)(=O)c2ccc(Br)s2,1,[0 0 0 ... 0 0 0]
3800,3800,CHEMBL1378202,2.2,CNC(=O)c1[nH]cnc1C(=O)Nc2ccc(OC)cc2,1,[0 0 0 ... 0 0 0]
1180,1180,CHEMBL1682972,2.2,CC[C@H](NC(=O)c1c([S+](C)[O-])c(nc2ccccc12)c3ccccc3)c4cccnc4,1,[0 1 0 ... 0 0 0]
1687,1687,CHEMBL1762529,3.0,COc1cc(CO)cc(c1)N(C)c2ccnc(Nc3cc(cc(c3)N4CCOCC4)N5CCOCC5)n2,1,[0 0 0 ... 0 0 0]
3049,3049,CHEMBL112880,2.26,COc1cc(OC)cc(c1)C2=CC=C(NC(=O)OCc3ccccc3)C(=O)N2CC(=O)NC(C(C)C)C(=O)C(F)(F)F,1,[0 1 0 ... 0 0 0]
3156,3156,CHEMBL403296,2.59,CCCCC(O)c1[nH]c2cc(C)c(cc2c1CCc3ccccc3)C(=O)O,1,[0 1 0 ... 0 0 0]
134,134,CHEMBL645,0.1,CC(C)NCC(O)COc1ccc(COCCOC(C)C)cc1,1,[0 1 0 ... 0 0 0]
